,timestamp,client_id,op_type,count,max,min,avg,50p,90p,99p,99.9p,global_cache_usage,global_cache_capacity,global_cache_hits,global_cache_misses,user_cache_usage,user_cache_reserved,user_cache_hits,user_cache_misses
0,1733217340508,0,READ,57,3950.59,1020.42,1560.41,1274.88,2631.68,3598.34,3950.59,0,0,0,0,0,0,0,0
1,1733217340508,1,READ,55,3848.19,1009.66,1638.52,1216.51,3164.16,3631.1,3848.19,0,0,0,0,0,0,0,0
2,1733217340508,2,READ,57,3700.74,966.66,1543.65,1250.3,2467.84,3510.27,3700.74,0,0,0,0,0,0,0,0
3,1733217340508,3,READ,57,3799.04,1000.96,1594.53,1316.86,2576.38,3491.84,3799.04,0,0,0,0,0,0,0,0
4,1733217340508,4,READ,57,3905.53,968.19,1564.32,1238.02,2635.78,3768.32,3905.53,0,0,0,0,0,0,0,0
5,1733217340508,5,READ,57,4321.28,947.71,1580.21,1236.99,2564.09,4020.22,4321.28,0,0,0,0,0,0,0,0
6,1733217340508,6,READ,58,3790.85,982.02,1525.69,1183.74,2555.9,3624.96,3790.85,0,0,0,0,0,0,0,0
7,1733217340508,7,READ,58,3741.7,983.55,1507.7,1180.67,2467.84,3696.64,3741.7,0,0,0,0,0,0,0,0
8,1733217340508,8,READ,58,3850.24,1015.3,1543.54,1189.89,2611.2,3756.03,3850.24,0,0,0,0,0,0,0,0
9,1733217340508,9,READ,58,3784.7,968.19,1556.93,1234.94,2476.03,3670.01,3784.7,0,0,0,0,0,0,0,0
10,1733217340508,10,READ,58,3545.09,957.44,1522.14,1166.34,2562.05,3457.02,3545.09,0,0,0,0,0,0,0,0
11,1733217340508,11,READ,58,4300.8,1021.95,1621.91,1285.12,2529.28,3657.73,4300.8,0,0,0,0,0,0,0,0
12,1733217340508,12,READ,58,4042.75,995.33,1571.94,1172.48,2631.68,3803.14,4042.75,0,0,0,0,0,0,0,0
13,1733217340508,13,READ,58,4411.39,84.29,1506.28,1162.24,2535.42,3590.14,4411.39,0,0,0,0,0,0,0,0
14,1733217340508,14,READ,1612,952.83,0.06,101.92,67.71,234.11,259.07,631.81,0,0,0,0,0,0,0,0
15,1733217340508,15,READ,1613,577.02,0.02,110.07,81.28,235.01,264.45,403.71,0,0,0,0,0,0,0,0
16,1733217341018,0,READ,73,3702.78,993.79,1335.7,1252.35,1615.87,2684.93,3702.78,0,0,0,0,0,0,0,0
17,1733217341018,1,READ,73,3749.89,979.46,1313.97,1184.77,1357.82,3631.1,3749.89,0,0,0,0,0,0,0,0
18,1733217341018,2,READ,73,3801.09,986.11,1335.29,1250.3,1438.72,3217.41,3801.09,0,0,0,0,0,0,0,0
19,1733217341018,3,READ,73,3983.36,1006.59,1337.95,1207.3,1474.56,3055.61,3983.36,0,0,0,0,0,0,0,0
20,1733217341018,4,READ,73,4118.53,993.28,1357.62,1210.37,1552.38,3422.21,4118.53,0,0,0,0,0,0,0,0
21,1733217341018,5,READ,73,3514.37,997.38,1328.46,1219.58,1498.11,3000.32,3514.37,0,0,0,0,0,0,0,0
22,1733217341018,6,READ,72,3739.65,979.97,1286.67,1135.62,1458.17,2908.16,3739.65,0,0,0,0,0,0,0,0
23,1733217341018,7,READ,72,3534.85,989.7,1296.11,1150.97,1516.54,2656.26,3534.85,0,0,0,0,0,0,0,0
24,1733217341018,8,READ,72,3375.1,961.54,1291.13,1195.01,1447.93,3334.14,3375.1,0,0,0,0,0,0,0,0
25,1733217341018,9,READ,73,3465.22,947.71,1306.83,1204.22,1462.27,3061.76,3465.22,0,0,0,0,0,0,0,0
26,1733217341018,10,READ,73,3602.43,966.14,1309.3,1148.93,1467.39,3123.2,3602.43,0,0,0,0,0,0,0,0
27,1733217341018,11,READ,73,3600.38,969.73,1311.91,1172.48,1469.44,3332.09,3600.38,0,0,0,0,0,0,0,0
28,1733217341018,12,READ,73,3684.35,953.34,1320.84,1248.26,1471.49,3067.9,3684.35,0,0,0,0,0,0,0,0
29,1733217341018,13,READ,73,3442.69,996.86,1295.59,1133.57,1393.66,3282.94,3442.69,0,0,0,0,0,0,0,0
30,1733217341018,14,READ,2038,308.99,0.26,99.15,71.49,231.42,262.65,306.18,0,0,0,0,0,0,0,0
31,1733217341018,15,READ,2038,333.82,0.02,99.74,69.06,232.45,257.79,300.03,0,0,0,0,0,0,0,0
32,1733217341528,0,READ,73,4014.08,63.3,1376.51,1255.42,1585.15,3670.01,4014.08,0,0,0,0,0,0,0,0
33,1733217341528,1,READ,73,3389.44,66.18,1287.34,1204.22,1485.82,2983.93,3389.44,0,0,0,0,0,0,0,0
34,1733217341528,2,READ,73,3600.38,54.08,1308.29,1220.61,1506.3,3137.53,3600.38,0,0,0,0,0,0,0,0
35,1733217341528,3,READ,73,3901.44,54.21,1330.23,1269.76,1504.26,3088.38,3901.44,0,0,0,0,0,0,0,0
36,1733217341528,4,READ,73,3467.26,57.38,1303.78,1201.15,1577.98,3026.94,3467.26,0,0,0,0,0,0,0,0
37,1733217341528,5,READ,73,3641.34,40.61,1290.41,1165.31,1443.84,3035.14,3641.34,0,0,0,0,0,0,0,0
38,1733217341528,6,READ,73,3487.74,51.33,1266.46,1148.93,1470.46,3430.4,3487.74,0,0,0,0,0,0,0,0
39,1733217341528,7,READ,73,4673.53,48.86,1362.17,1158.14,1544.19,3987.45,4673.53,0,0,0,0,0,0,0,0
40,1733217341528,8,READ,72,3911.68,57.28,1295.11,1152.0,1419.26,3618.82,3911.68,0,0,0,0,0,0,0,0
41,1733217341528,9,READ,72,3446.78,54.27,1272.77,1207.3,1372.16,3045.38,3446.78,0,0,0,0,0,0,0,0
42,1733217341528,10,READ,73,3538.94,50.37,1292.7,1210.37,1459.2,3532.8,3538.94,0,0,0,0,0,0,0,0
43,1733217341528,11,READ,73,3794.94,43.68,1299.81,1199.1,1486.85,3072.0,3794.94,0,0,0,0,0,0,0,0
44,1733217341528,12,READ,73,3446.78,48.29,1313.93,1204.22,1484.8,3373.05,3446.78,0,0,0,0,0,0,0,0
45,1733217341528,13,READ,73,3500.03,37.28,1273.78,1159.17,1449.98,3313.66,3500.03,0,0,0,0,0,0,0,0
46,1733217341528,14,READ,2029,345.09,0.06,88.05,64.96,212.22,262.65,297.21,0,0,0,0,0,0,0,0
47,1733217341528,15,READ,2029,403.2,0.07,93.13,69.95,221.69,260.22,295.17,0,0,0,0,0,0,0,0
48,1733217342038,0,READ,72,3749.89,51.07,1330.36,1228.8,2166.78,3282.94,3749.89,0,0,0,0,0,0,0,0
49,1733217342038,1,READ,73,3481.6,47.84,1269.9,1143.81,2248.7,3084.29,3481.6,0,0,0,0,0,0,0,0
50,1733217342038,2,READ,73,3880.96,41.7,1302.26,1173.5,2367.49,3004.41,3880.96,0,0,0,0,0,0,0,0
51,1733217342038,3,READ,73,3594.24,41.63,1345.97,1266.69,2096.13,3571.71,3594.24,0,0,0,0,0,0,0,0
52,1733217342038,4,READ,73,3405.82,38.72,1334.13,1259.52,2390.01,3260.41,3405.82,0,0,0,0,0,0,0,0
53,1733217342038,5,READ,73,3649.53,42.82,1306.49,1215.49,2236.41,3094.53,3649.53,0,0,0,0,0,0,0,0
54,1733217342038,6,READ,73,3078.14,40.22,1276.6,1162.24,2162.69,2936.83,3078.14,0,0,0,0,0,0,0,0
55,1733217342038,7,READ,73,3618.82,43.74,1310.02,1152.0,2439.17,3588.09,3618.82,0,0,0,0,0,0,0,0
56,1733217342038,8,READ,73,3563.52,47.23,1309.35,1214.46,2293.76,3409.92,3563.52,0,0,0,0,0,0,0,0
57,1733217342038,9,READ,72,3332.09,50.78,1288.5,1150.97,2240.51,3231.74,3332.09,0,0,0,0,0,0,0,0
58,1733217342038,10,READ,72,3241.98,48.1,1298.17,1209.34,2260.99,3018.75,3241.98,0,0,0,0,0,0,0,0
59,1733217342038,11,READ,73,4052.99,54.75,1314.1,1230.85,2242.56,3418.11,4052.99,0,0,0,0,0,0,0,0
60,1733217342038,12,READ,73,3991.55,48.03,1340.12,1215.49,2402.3,3274.75,3991.55,0,0,0,0,0,0,0,0
61,1733217342038,13,READ,73,4198.4,37.44,1350.18,1199.1,2187.26,3758.08,4198.4,0,0,0,0,0,0,0,0
62,1733217342038,14,READ,2038,432.64,0.06,86.73,63.94,209.66,261.5,298.75,0,0,0,0,0,0,0,0
63,1733217342038,15,READ,2040,775.17,0.01,92.03,65.66,219.13,256.89,275.45,0,0,0,0,0,0,0,0
64,1733217342548,0,READ,74,3805.18,49.22,1356.15,1264.64,2267.14,2768.89,3805.18,0,0,0,0,0,0,0,0
65,1733217342548,1,READ,73,4747.26,48.26,1375.83,1177.6,2285.57,3291.14,4747.26,0,0,0,0,0,0,0,0
66,1733217342548,2,READ,73,3495.93,40.74,1309.51,1185.79,2242.56,3450.88,3495.93,0,0,0,0,0,0,0,0
67,1733217342548,3,READ,73,4036.61,51.9,1353.74,1195.01,2226.18,3760.13,4036.61,0,0,0,0,0,0,0,0
68,1733217342548,4,READ,73,3616.77,42.88,1353.16,1250.3,2238.46,3401.73,3616.77,0,0,0,0,0,0,0,0
69,1733217342548,5,READ,73,3377.15,45.7,1314.55,1200.13,2127.87,3207.17,3377.15,0,0,0,0,0,0,0,0
70,1733217342548,6,READ,74,3518.46,39.39,1311.26,1149.95,2140.16,3348.48,3518.46,0,0,0,0,0,0,0,0
71,1733217342548,7,READ,74,2684.93,41.92,1264.5,1181.69,2131.97,2519.04,2684.93,0,0,0,0,0,0,0,0
72,1733217342548,8,READ,74,5251.07,47.33,1343.01,1186.82,2263.04,3432.45,5251.07,0,0,0,0,0,0,0,0
73,1733217342548,9,READ,74,3620.86,52.16,1317.69,1219.58,2168.83,3444.74,3620.86,0,0,0,0,0,0,0,0
74,1733217342548,10,READ,74,3555.33,46.62,1323.16,1146.88,2365.44,3481.6,3555.33,0,0,0,0,0,0,0,0
75,1733217342548,11,READ,74,3956.74,35.55,1366.74,1272.83,2185.22,3434.49,3956.74,0,0,0,0,0,0,0,0
76,1733217342548,12,READ,74,3649.53,51.26,1338.22,1232.89,2381.82,3407.87,3649.53,0,0,0,0,0,0,0,0
77,1733217342548,13,READ,74,3565.57,37.22,1293.6,1171.45,2199.55,3461.12,3565.57,0,0,0,0,0,0,0,0
78,1733217342548,14,READ,2083,1353.73,0.06,90.0,60.09,216.06,266.5,1332.22,0,0,0,0,0,0,0,0
79,1733217342548,15,READ,2086,376.57,0.3,87.32,60.26,214.01,257.02,278.27,0,0,0,0,0,0,0,0
80,1733217343071,0,READ,74,3807.23,42.46,1139.76,1245.18,1612.8,3059.71,3807.23,0,0,0,0,0,0,0,0
81,1733217343071,1,READ,74,3467.26,37.89,1064.53,1145.86,1511.42,2689.02,3467.26,0,0,0,0,0,0,0,0
82,1733217343071,2,READ,75,2981.89,40.93,1084.25,1211.39,1414.14,2654.21,2981.89,0,0,0,0,0,0,0,0
83,1733217343071,3,READ,75,3547.14,45.12,1095.55,1221.63,1507.33,2826.24,3547.14,0,0,0,0,0,0,0,0
84,1733217343071,4,READ,75,3145.73,39.3,1098.31,1226.75,1448.96,2617.34,3145.73,0,0,0,0,0,0,0,0
85,1733217343071,5,READ,75,3424.26,41.92,1087.88,1176.58,1439.74,2551.81,3424.26,0,0,0,0,0,0,0,0
86,1733217343071,6,READ,74,3158.01,40.29,1068.61,1174.53,1502.21,2445.31,3158.01,0,0,0,0,0,0,0,0
87,1733217343071,7,READ,74,3186.69,41.63,1076.9,1209.34,1448.96,2529.28,3186.69,0,0,0,0,0,0,0,0
88,1733217343071,8,READ,74,3094.53,41.57,1098.08,1177.6,1607.68,2592.77,3094.53,0,0,0,0,0,0,0,0
89,1733217343071,9,READ,74,3213.31,52.22,1082.05,1185.79,1531.9,2420.74,3213.31,0,0,0,0,0,0,0,0
90,1733217343071,10,READ,74,3239.93,49.44,1072.87,1132.54,1458.17,2736.13,3239.93,0,0,0,0,0,0,0,0
91,1733217343071,11,READ,73,3506.18,40.06,1127.9,1276.93,1559.55,2576.38,3506.18,0,0,0,0,0,0,0,0
92,1733217343071,12,READ,73,3418.11,47.87,1102.93,1259.52,1498.11,2529.28,3418.11,0,0,0,0,0,0,0,0
93,1733217343071,13,READ,73,3252.22,38.27,1087.81,1186.82,1468.41,2680.83,3252.22,0,0,0,0,0,0,0,0
94,1733217343071,14,READ,2044,368.13,0.05,85.05,60.26,205.18,259.33,280.32,0,0,0,0,0,0,0,0
95,1733217343071,15,READ,2040,378.62,0.16,89.52,65.12,213.89,258.94,278.78,0,0,0,0,0,0,0,0
96,1733217343581,0,READ,73,3563.52,44.83,1201.99,1241.09,2416.64,3301.38,3563.52,0,0,0,0,0,0,0,0
97,1733217343581,1,READ,73,5779.45,43.07,1212.83,1171.45,2318.34,3637.25,5779.45,0,0,0,0,0,0,0,0
98,1733217343581,2,READ,73,3975.17,45.12,1187.06,1175.55,2101.25,3817.47,3975.17,0,0,0,0,0,0,0,0
99,1733217343581,3,READ,73,4038.66,43.97,1209.64,1226.75,2136.06,3368.96,4038.66,0,0,0,0,0,0,0,0
100,1733217343581,4,READ,73,4214.78,40.77,1192.18,1187.84,2289.66,3616.77,4214.78,0,0,0,0,0,0,0,0
101,1733217343581,5,READ,73,4069.38,45.54,1186.46,1185.79,2236.41,3813.38,4069.38,0,0,0,0,0,0,0,0
102,1733217343581,6,READ,73,4159.49,40.93,1215.72,1164.29,2367.49,3776.51,4159.49,0,0,0,0,0,0,0,0
103,1733217343581,7,READ,73,3905.53,44.06,1210.15,1150.97,2506.75,3633.15,3905.53,0,0,0,0,0,0,0,0
104,1733217343581,8,READ,73,3923.97,37.22,1193.04,1177.6,2037.76,3786.75,3923.97,0,0,0,0,0,0,0,0
105,1733217343581,9,READ,73,3723.26,45.47,1176.43,1190.91,2107.39,3567.61,3723.26,0,0,0,0,0,0,0,0
106,1733217343581,10,READ,73,4001.79,44.26,1198.15,1174.53,2367.49,3579.9,4001.79,0,0,0,0,0,0,0,0
107,1733217343581,11,READ,74,3590.14,39.46,1188.92,1184.77,2275.33,3588.09,3590.14,0,0,0,0,0,0,0,0
108,1733217343581,12,READ,74,3917.82,43.81,1163.53,1156.1,2037.76,3405.82,3917.82,0,0,0,0,0,0,0,0
109,1733217343581,13,READ,73,4026.37,35.62,1171.74,1122.3,2271.23,3614.72,4026.37,0,0,0,0,0,0,0,0
110,1733217343581,14,READ,2046,351.23,0.0,94.42,55.77,232.57,261.63,313.34,0,0,0,0,0,0,0,0
111,1733217343581,15,READ,2046,382.72,0.44,94.74,59.39,229.25,256.25,297.47,0,0,0,0,0,0,0,0
112,1733217344093,0,READ,73,3870.72,48.06,1163.0,1169.41,2484.22,3620.86,3870.72,0,0,0,0,0,0,0,0
113,1733217344093,1,READ,74,3461.12,43.33,1128.08,1156.1,2277.38,3235.84,3461.12,0,0,0,0,0,0,0,0
114,1733217344093,2,READ,72,3440.64,47.9,1206.79,1166.34,2592.77,3440.64,3506.18,0,0,0,0,0,0,0,0
115,1733217344093,3,READ,73,3792.89,39.71,1197.27,1219.58,2562.05,3454.97,3792.89,0,0,0,0,0,0,0,0
116,1733217344093,4,READ,73,3727.36,39.58,1219.77,1220.61,2742.27,3528.7,3727.36,0,0,0,0,0,0,0,0
117,1733217344093,5,READ,73,3573.76,39.14,1199.95,1195.01,2564.09,3547.14,3573.76,0,0,0,0,0,0,0,0
118,1733217344093,6,READ,73,3528.7,37.41,1160.48,1171.45,2430.97,3510.27,3528.7,0,0,0,0,0,0,0,0
119,1733217344093,7,READ,73,3960.83,42.4,1170.25,1110.02,2551.81,3833.86,3960.83,0,0,0,0,0,0,0,0
120,1733217344093,8,READ,73,3723.26,40.51,1209.18,1220.61,2519.04,3581.95,3723.26,0,0,0,0,0,0,0,0
121,1733217344093,9,READ,73,3741.7,42.69,1178.28,1188.86,2365.44,3688.45,3741.7,0,0,0,0,0,0,0,0
122,1733217344093,10,READ,73,3676.16,42.69,1190.37,1152.0,2715.65,3657.73,3676.16,0,0,0,0,0,0,0,0
123,1733217344093,11,READ,73,3424.26,39.84,1211.8,1264.64,2545.66,3282.94,3424.26,0,0,0,0,0,0,0,0
124,1733217344093,12,READ,73,3680.26,44.42,1197.0,1168.38,2529.28,3563.52,3680.26,0,0,0,0,0,0,0,0
125,1733217344093,13,READ,73,3815.42,39.71,1164.83,1107.97,2539.52,3663.87,3815.42,0,0,0,0,0,0,0,0
126,1733217344093,14,READ,2039,348.67,0.12,86.25,55.97,225.66,261.76,286.46,0,0,0,0,0,0,0,0
127,1733217344093,15,READ,2038,332.03,0.2,91.69,62.3,224.9,258.69,301.57,0,0,0,0,0,0,0,0
128,1733217344603,0,READ,73,4235.26,46.98,1238.71,1150.97,2410.49,3573.76,4235.26,0,0,0,0,0,0,0,0
129,1733217344603,1,READ,73,3977.22,44.64,1239.91,1202.17,2568.19,3479.55,3977.22,0,0,0,0,0,0,0,0
130,1733217344603,2,READ,73,3164.16,48.22,1157.29,1199.1,2044.93,3137.53,3164.16,0,0,0,0,0,0,0,0
131,1733217344603,3,READ,73,3688.45,42.3,1189.96,1263.62,2242.56,2969.6,3688.45,0,0,0,0,0,0,0,0
132,1733217344603,4,READ,73,3704.83,39.58,1164.09,1180.67,2207.74,3504.13,3704.83,0,0,0,0,0,0,0,0
133,1733217344603,5,READ,73,3647.49,37.34,1149.99,1160.19,2154.49,3129.34,3647.49,0,0,0,0,0,0,0,0
134,1733217344603,6,READ,73,3680.26,37.54,1150.37,1153.02,2075.65,3303.42,3680.26,0,0,0,0,0,0,0,0
135,1733217344603,7,READ,73,3563.52,45.25,1125.89,1097.73,2336.77,3366.91,3563.52,0,0,0,0,0,0,0,0
136,1733217344603,8,READ,73,3788.8,40.67,1170.27,1126.4,2314.24,3289.09,3788.8,0,0,0,0,0,0,0,0
137,1733217344603,9,READ,73,3299.33,44.0,1138.34,1141.76,2252.8,3131.39,3299.33,0,0,0,0,0,0,0,0
138,1733217344603,10,READ,73,3889.15,38.59,1171.51,1119.23,2445.31,3649.53,3889.15,0,0,0,0,0,0,0,0
139,1733217344603,11,READ,73,3872.77,38.46,1190.09,1173.5,2283.52,3536.89,3872.77,0,0,0,0,0,0,0,0
140,1733217344603,12,READ,73,3504.13,43.68,1187.6,1204.22,2316.29,3074.05,3504.13,0,0,0,0,0,0,0,0
141,1733217344603,13,READ,73,3557.38,35.94,1126.77,1115.13,2240.51,3219.45,3557.38,0,0,0,0,0,0,0,0
142,1733217344603,14,READ,2037,404.99,0.28,90.06,57.73,228.22,260.48,284.67,0,0,0,0,0,0,0,0
143,1733217344603,15,READ,2041,292.1,0.0,91.16,61.89,222.08,254.34,279.04,0,0,0,0,0,0,0,0
144,1733217345114,0,READ,72,4184.06,47.3,1159.95,1236.99,1501.18,3315.71,4184.06,0,0,0,0,0,0,0,0
145,1733217345114,1,READ,72,3731.45,40.83,1110.37,1147.9,1539.07,3635.2,3731.45,0,0,0,0,0,0,0,0
146,1733217345114,2,READ,73,3653.63,49.31,1165.62,1177.6,2024.45,3569.66,3653.63,0,0,0,0,0,0,0,0
147,1733217345114,3,READ,73,3979.26,41.02,1151.96,1212.41,1473.54,3629.05,3979.26,0,0,0,0,0,0,0,0
148,1733217345114,4,READ,73,3614.72,38.18,1176.04,1228.8,2183.17,3563.52,3614.72,0,0,0,0,0,0,0,0
149,1733217345114,5,READ,73,3649.53,43.68,1162.76,1230.85,1775.62,3301.38,3649.53,0,0,0,0,0,0,0,0
150,1733217345114,6,READ,73,3563.52,40.58,1114.31,1145.86,1473.54,3471.36,3563.52,0,0,0,0,0,0,0,0
151,1733217345114,7,READ,73,4689.92,45.79,1073.13,1081.34,1451.01,2840.57,4689.92,0,0,0,0,0,0,0,0
152,1733217345114,8,READ,73,3700.74,37.98,1136.7,1168.38,1504.26,3698.69,3700.74,0,0,0,0,0,0,0,0
153,1733217345114,9,READ,73,3602.43,44.58,1108.12,1104.89,1601.54,3475.45,3602.43,0,0,0,0,0,0,0,0
154,1733217345114,10,READ,73,3670.01,41.09,1124.51,1156.1,1454.08,3522.56,3670.01,0,0,0,0,0,0,0,0
155,1733217345114,11,READ,72,3762.18,41.76,1170.05,1184.77,1519.62,3584.0,3762.18,0,0,0,0,0,0,0,0
156,1733217345114,12,READ,72,3858.43,45.89,1141.16,1180.67,1463.3,3756.03,3858.43,0,0,0,0,0,0,0,0
157,1733217345114,13,READ,72,3698.69,36.45,1109.15,1118.21,1456.13,3610.62,3698.69,0,0,0,0,0,0,0,0
158,1733217345114,14,READ,2041,757.76,0.13,88.12,60.9,220.8,261.38,736.25,0,0,0,0,0,0,0,0
159,1733217345114,15,READ,2042,974.34,0.06,90.91,61.98,222.72,259.2,286.98,0,0,0,0,0,0,0,0
160,1733217345625,0,READ,73,3497.98,46.14,1229.64,1235.97,1539.07,3108.86,3497.98,0,0,0,0,0,0,0,0
161,1733217345625,1,READ,74,2947.07,46.34,1204.22,1195.01,2027.52,2713.6,2947.07,0,0,0,0,0,0,0,0
162,1733217345625,2,READ,73,3186.69,54.34,1224.67,1258.49,1599.49,2467.84,3186.69,0,0,0,0,0,0,0,0
163,1733217345625,3,READ,73,3151.87,43.04,1221.4,1247.23,1526.78,2678.78,3151.87,0,0,0,0,0,0,0,0
164,1733217345625,4,READ,73,3078.14,45.82,1212.43,1223.68,1548.29,2428.93,3078.14,0,0,0,0,0,0,0,0
165,1733217345625,5,READ,73,3352.57,43.2,1240.88,1211.39,1929.21,2619.39,3352.57,0,0,0,0,0,0,0,0
166,1733217345625,6,READ,73,2992.13,50.08,1173.58,1171.45,1456.13,2678.78,2992.13,0,0,0,0,0,0,0,0
167,1733217345625,7,READ,73,3932.16,52.16,1218.46,1214.46,1568.77,3397.63,3932.16,0,0,0,0,0,0,0,0
168,1733217345625,8,READ,73,3317.76,48.93,1225.43,1257.47,1582.08,2721.79,3317.76,0,0,0,0,0,0,0,0
169,1733217345625,9,READ,73,3092.48,45.79,1192.32,1163.26,1708.03,2691.07,3092.48,0,0,0,0,0,0,0,0
170,1733217345625,10,READ,73,3188.74,45.06,1244.32,1224.7,2404.35,3115.01,3188.74,0,0,0,0,0,0,0,0
171,1733217345625,11,READ,73,2914.3,42.78,1227.14,1245.18,1482.75,2680.83,2914.3,0,0,0,0,0,0,0,0
172,1733217345625,12,READ,73,3063.81,51.68,1206.2,1255.42,1463.3,2543.61,3063.81,0,0,0,0,0,0,0,0
173,1733217345625,13,READ,74,3735.55,40.35,1223.18,1185.79,2004.99,2799.61,3735.55,0,0,0,0,0,0,0,0
174,1733217345625,14,READ,2040,388.61,0.0,88.36,57.44,227.2,267.01,335.62,0,0,0,0,0,0,0,0
175,1733217345625,15,READ,2038,333.06,0.28,92.83,63.49,225.41,259.45,309.76,0,0,0,0,0,0,0,0
176,1733217346135,0,READ,72,4227.07,47.71,1173.63,1214.46,1439.74,3379.2,4227.07,0,0,0,0,0,0,0,0
177,1733217346135,1,READ,73,3166.21,46.88,1136.21,1219.58,1503.23,2414.59,3166.21,0,0,0,0,0,0,0,0
178,1733217346135,2,READ,73,3387.39,54.08,1126.53,1145.86,1449.98,2463.74,3387.39,0,0,0,0,0,0,0,0
179,1733217346135,3,READ,73,3160.06,41.92,1165.92,1248.26,1480.7,2742.27,3160.06,0,0,0,0,0,0,0,0
180,1733217346135,4,READ,73,3430.4,40.32,1140.68,1222.65,1465.34,2715.65,3430.4,0,0,0,0,0,0,0,0
181,1733217346135,5,READ,73,3162.11,51.97,1114.93,1182.72,1524.73,2365.44,3162.11,0,0,0,0,0,0,0,0
182,1733217346135,6,READ,73,3395.58,39.33,1098.5,1153.02,1400.83,2416.64,3395.58,0,0,0,0,0,0,0,0
183,1733217346135,7,READ,73,3680.26,50.11,1143.31,1161.21,1422.34,3631.1,3680.26,0,0,0,0,0,0,0,0
184,1733217346135,8,READ,73,3270.66,46.24,1154.48,1213.44,1614.85,2514.94,3270.66,0,0,0,0,0,0,0,0
185,1733217346135,9,READ,73,3047.42,45.02,1101.42,1170.43,1426.43,2488.32,3047.42,0,0,0,0,0,0,0,0
186,1733217346135,10,READ,73,3057.66,50.46,1119.89,1187.84,1438.72,2439.17,3057.66,0,0,0,0,0,0,0,0
187,1733217346135,11,READ,74,3227.65,40.51,1157.97,1202.17,1480.7,2437.12,3227.65,0,0,0,0,0,0,0,0
188,1733217346135,12,READ,74,3127.3,45.79,1145.21,1205.25,1463.3,2777.09,3127.3,0,0,0,0,0,0,0,0
189,1733217346135,13,READ,73,3024.89,39.17,1100.6,1156.1,1368.06,2498.56,3024.89,0,0,0,0,0,0,0,0
190,1733217346135,14,READ,2038,561.66,0.03,87.84,59.68,223.23,263.17,399.62,0,0,0,0,0,0,0,0
191,1733217346135,15,READ,2040,365.82,0.09,88.82,59.13,225.92,261.89,330.5,0,0,0,0,0,0,0,0
192,1733217346645,0,READ,73,3753.98,48.61,1178.69,1260.54,1818.62,3493.89,3753.98,0,0,0,0,0,0,0,0
193,1733217346645,1,READ,73,3440.64,48.51,1123.07,1201.15,1530.88,3164.16,3440.64,0,0,0,0,0,0,0,0
194,1733217346645,2,READ,73,3627.01,51.2,1132.0,1219.58,1658.88,3137.53,3627.01,0,0,0,0,0,0,0,0
195,1733217346645,3,READ,73,3588.09,44.58,1144.01,1241.09,1564.67,3192.83,3588.09,0,0,0,0,0,0,0,0
196,1733217346645,4,READ,73,3751.93,39.3,1120.57,1202.17,1504.26,3555.33,3751.93,0,0,0,0,0,0,0,0
197,1733217346645,5,READ,74,3379.2,43.23,1112.76,1198.08,1440.77,3313.66,3379.2,0,0,0,0,0,0,0,0
198,1733217346645,6,READ,74,3772.41,42.62,1096.59,1177.6,1510.4,3278.85,3772.41,0,0,0,0,0,0,0,0
199,1733217346645,7,READ,74,3649.53,45.47,1129.24,1108.99,1680.38,3584.0,3649.53,0,0,0,0,0,0,0,0
200,1733217346645,8,READ,74,4108.29,46.72,1134.23,1183.74,1673.21,3645.44,4108.29,0,0,0,0,0,0,0,0
201,1733217346645,9,READ,75,3786.75,45.89,1120.44,1201.15,1757.18,3133.44,3786.75,0,0,0,0,0,0,0,0
202,1733217346645,10,READ,75,3684.35,44.99,1122.97,1175.55,1515.52,3397.63,3684.35,0,0,0,0,0,0,0,0
203,1733217346645,11,READ,74,3477.5,43.62,1123.95,1170.43,1778.69,3145.73,3477.5,0,0,0,0,0,0,0,0
204,1733217346645,12,READ,74,3610.62,48.32,1137.91,1232.89,1748.99,3586.05,3610.62,0,0,0,0,0,0,0,0
205,1733217346645,13,READ,75,3672.06,38.14,1090.77,1187.84,1477.63,3125.25,3672.06,0,0,0,0,0,0,0,0
206,1733217346645,14,READ,2090,859.65,0.07,91.91,61.73,229.38,270.08,858.11,0,0,0,0,0,0,0,0
207,1733217346645,15,READ,2095,388.86,0.22,93.71,64.99,229.89,259.33,297.98,0,0,0,0,0,0,0,0
208,1733217347170,0,READ,75,3780.61,46.46,1168.87,1208.32,1515.52,3241.98,3780.61,0,0,0,0,0,0,0,0
209,1733217347170,1,READ,75,3534.85,43.39,1127.52,1160.19,1392.64,3284.99,3534.85,0,0,0,0,0,0,0,0
210,1733217347170,2,READ,75,3108.86,48.99,1155.03,1231.87,1579.01,3053.57,3108.86,0,0,0,0,0,0,0,0
211,1733217347170,3,READ,75,3811.33,39.3,1167.72,1249.28,1499.13,3321.86,3811.33,0,0,0,0,0,0,0,0
212,1733217347170,4,READ,74,3516.41,42.72,1166.13,1202.17,1506.3,3268.61,3516.41,0,0,0,0,0,0,0,0
213,1733217347170,5,READ,74,3901.44,44.38,1155.97,1177.6,1550.34,2996.22,3901.44,0,0,0,0,0,0,0,0
214,1733217347170,6,READ,74,3246.08,45.92,1153.19,1170.43,1593.34,3045.38,3246.08,0,0,0,0,0,0,0,0
215,1733217347170,7,READ,74,3536.89,45.76,1126.49,1107.97,1462.27,3344.38,3536.89,0,0,0,0,0,0,0,0
216,1733217347170,8,READ,74,3162.11,46.56,1160.07,1229.82,1501.18,3047.42,3162.11,0,0,0,0,0,0,0,0
217,1733217347170,9,READ,73,3020.8,49.92,1118.74,1155.07,1509.38,2983.93,3020.8,0,0,0,0,0,0,0,0
218,1733217347170,10,READ,73,3411.97,45.25,1153.23,1206.27,1606.65,3002.37,3411.97,0,0,0,0,0,0,0,0
219,1733217347170,11,READ,74,3698.69,42.82,1157.56,1193.98,1583.1,2990.08,3698.69,0,0,0,0,0,0,0,0
220,1733217347170,12,READ,74,3618.82,49.79,1154.14,1180.67,1555.45,3373.05,3618.82,0,0,0,0,0,0,0,0
221,1733217347170,13,READ,73,3274.75,42.59,1136.43,1160.19,1529.86,3016.7,3274.75,0,0,0,0,0,0,0,0
222,1733217347170,14,READ,2046,321.02,0.38,91.25,66.75,223.23,264.45,299.52,0,0,0,0,0,0,0,0
223,1733217347170,15,READ,2041,331.52,0.04,93.38,70.4,221.69,256.13,290.05,0,0,0,0,0,0,0,0
224,1733217347681,0,READ,73,3702.78,47.81,1067.49,1173.5,2215.93,2502.66,3702.78,0,0,0,0,0,0,0,0
225,1733217347681,1,READ,73,3629.05,42.3,1078.62,1192.96,2148.35,2752.51,3629.05,0,0,0,0,0,0,0,0
226,1733217347681,2,READ,73,3663.87,49.12,1072.33,1220.61,2028.54,2609.15,3663.87,0,0,0,0,0,0,0,0
227,1733217347681,3,READ,73,3821.57,42.21,1087.76,1235.97,2051.07,2719.74,3821.57,0,0,0,0,0,0,0,0
228,1733217347681,4,READ,73,3966.97,40.1,1095.96,1228.8,2117.63,2598.91,3966.97,0,0,0,0,0,0,0,0
229,1733217347681,5,READ,73,4018.18,40.58,1083.23,1161.21,2058.24,2762.75,4018.18,0,0,0,0,0,0,0,0
230,1733217347681,6,READ,73,3354.62,43.3,1040.51,1148.93,2105.34,2537.47,3354.62,0,0,0,0,0,0,0,0
231,1733217347681,7,READ,73,4284.41,46.14,1020.05,1126.4,2054.14,2588.67,4284.41,0,0,0,0,0,0,0,0
232,1733217347681,8,READ,73,3012.61,51.71,1066.07,1193.98,2217.98,2529.28,3012.61,0,0,0,0,0,0,0,0
233,1733217347681,9,READ,73,3432.45,48.67,1058.45,1256.45,2091.01,2408.45,3432.45,0,0,0,0,0,0,0,0
234,1733217347681,10,READ,73,3731.45,44.1,1085.89,1202.17,2183.17,2781.18,3731.45,0,0,0,0,0,0,0,0
235,1733217347681,11,READ,72,3319.81,43.65,1127.19,1297.41,2365.44,2570.24,3319.81,0,0,0,0,0,0,0,0
236,1733217347681,12,READ,73,3760.13,48.99,1082.55,1224.7,2236.41,2549.76,3760.13,0,0,0,0,0,0,0,0
237,1733217347681,13,READ,73,3639.3,38.21,1056.64,1170.43,2125.82,2574.34,3639.3,0,0,0,0,0,0,0,0
238,1733217347681,14,READ,2038,415.49,0.05,98.42,68.73,231.55,257.15,282.88,0,0,0,0,0,0,0,0
239,1733217347681,15,READ,2036,463.62,0.0,101.74,68.22,232.96,260.61,323.84,0,0,0,0,0,0,0,0
240,1733217348190,0,READ,72,3823.61,47.17,1044.51,1232.89,1536.0,3588.09,3823.61,0,0,0,0,0,0,0,0
241,1733217348190,1,READ,72,3024.89,39.97,979.78,1117.18,1810.43,2666.49,3024.89,0,0,0,0,0,0,0,0
242,1733217348190,2,READ,73,2971.65,44.86,996.37,1168.38,1521.66,2607.1,2971.65,0,0,0,0,0,0,0,0
243,1733217348190,3,READ,73,2906.11,38.56,1011.21,1228.8,1601.54,2682.88,2906.11,0,0,0,0,0,0,0,0
244,1733217348190,4,READ,73,3348.48,40.7,1025.96,1247.23,1534.97,2732.03,3348.48,0,0,0,0,0,0,0,0
245,1733217348190,5,READ,73,3166.21,40.29,1030.97,1214.46,1767.42,2672.64,3166.21,0,0,0,0,0,0,0,0
246,1733217348190,6,READ,73,3606.53,42.37,977.21,1134.59,1471.49,2527.23,3606.53,0,0,0,0,0,0,0,0
247,1733217348190,7,READ,73,4032.51,49.82,1011.42,1116.16,1317.89,3549.18,4032.51,0,0,0,0,0,0,0,0
248,1733217348190,8,READ,73,3063.81,47.1,1006.46,1187.84,1513.47,2603.01,3063.81,0,0,0,0,0,0,0,0
249,1733217348190,9,READ,73,3268.61,45.54,978.87,1135.62,1495.04,2656.26,3268.61,0,0,0,0,0,0,0,0
250,1733217348190,10,READ,73,4988.93,45.79,1016.81,1108.99,1419.26,3149.82,4988.93,0,0,0,0,0,0,0,0
251,1733217348190,11,READ,72,3594.24,47.39,1042.28,1246.21,1592.32,2766.85,3594.24,0,0,0,0,0,0,0,0
252,1733217348190,12,READ,72,4345.85,46.53,1028.38,1214.46,1613.82,2807.81,4345.85,0,0,0,0,0,0,0,0
253,1733217348190,13,READ,72,3399.68,41.89,991.09,1183.74,1386.49,2605.05,3399.68,0,0,0,0,0,0,0,0
254,1733217348190,14,READ,2036,555.52,0.03,100.91,72.0,231.68,262.65,484.61,0,0,0,0,0,0,0,0
255,1733217348190,15,READ,2033,294.65,0.03,103.62,73.6,232.32,259.2,283.13,0,0,0,0,0,0,0,0
256,1733217348700,0,READ,72,3039.23,45.66,1099.91,1233.92,2263.04,2693.12,3039.23,0,0,0,0,0,0,0,0
257,1733217348700,1,READ,71,3962.88,43.42,1093.03,1177.6,2318.34,3624.96,3962.88,0,0,0,0,0,0,0,0
258,1733217348700,2,READ,72,3518.46,42.46,1149.43,1231.87,2211.84,3463.17,3518.46,0,0,0,0,0,0,0,0
259,1733217348700,3,READ,73,3926.01,42.69,1132.25,1207.3,2085.89,3856.38,3926.01,0,0,0,0,0,0,0,0
260,1733217348700,4,READ,73,3426.3,40.54,1144.95,1265.66,2422.78,3385.34,3426.3,0,0,0,0,0,0,0,0
261,1733217348700,5,READ,73,3835.9,38.02,1137.25,1216.51,2142.21,3596.29,3835.9,0,0,0,0,0,0,0,0
262,1733217348700,6,READ,73,3454.97,44.8,1116.01,1193.98,2430.97,3352.57,3454.97,0,0,0,0,0,0,0,0
263,1733217348700,7,READ,73,3155.97,44.42,1040.94,1158.14,2136.06,2885.63,3155.97,0,0,0,0,0,0,0,0
264,1733217348700,8,READ,73,4464.64,48.1,1117.57,1173.5,2109.44,3647.49,4464.64,0,0,0,0,0,0,0,0
265,1733217348700,9,READ,73,3438.59,45.73,1096.72,1187.84,2304.0,3196.93,3438.59,0,0,0,0,0,0,0,0
266,1733217348700,10,READ,73,4014.08,44.67,1124.61,1178.62,2111.49,3778.56,4014.08,0,0,0,0,0,0,0,0
267,1733217348700,11,READ,73,3678.21,48.51,1153.11,1262.59,2424.83,3674.11,3678.21,0,0,0,0,0,0,0,0
268,1733217348700,12,READ,74,3483.65,47.87,1149.25,1243.13,2471.93,3438.59,3483.65,0,0,0,0,0,0,0,0
269,1733217348700,13,READ,74,4022.27,42.4,1091.8,1169.41,2222.08,3502.08,4022.27,0,0,0,0,0,0,0,0
270,1733217348700,14,READ,2040,428.03,0.07,99.53,74.24,230.91,260.74,346.62,0,0,0,0,0,0,0,0
271,1733217348700,15,READ,2036,483.07,0.0,99.26,71.36,228.09,261.76,294.91,0,0,0,0,0,0,0,0
272,1733217349210,0,READ,73,4198.4,47.52,1230.4,1243.13,2516.99,3653.63,4198.4,0,0,0,0,0,0,0,0
273,1733217349210,1,READ,74,5578.75,43.17,1262.84,1199.1,2451.45,3807.23,5578.75,0,0,0,0,0,0,0,0
274,1733217349210,2,READ,72,3604.48,52.74,1199.0,1263.62,2242.56,3121.15,3604.48,0,0,0,0,0,0,0,0
275,1733217349210,3,READ,73,3633.15,42.24,1197.83,1243.13,2183.17,3205.12,3633.15,0,0,0,0,0,0,0,0
276,1733217349210,4,READ,73,3858.43,42.78,1219.96,1228.8,2408.45,3520.51,3858.43,0,0,0,0,0,0,0,0
277,1733217349210,5,READ,73,3540.99,38.59,1170.27,1241.09,2162.69,3196.93,3540.99,0,0,0,0,0,0,0,0
278,1733217349210,6,READ,73,3557.38,46.37,1163.96,1183.74,2152.45,3176.45,3557.38,0,0,0,0,0,0,0,0
279,1733217349210,7,READ,73,3756.03,48.8,1240.95,1176.58,2482.18,3596.29,3756.03,0,0,0,0,0,0,0,0
280,1733217349210,8,READ,73,3844.09,48.67,1202.27,1206.27,2342.91,3184.64,3844.09,0,0,0,0,0,0,0,0
281,1733217349210,9,READ,73,3547.14,46.53,1201.0,1228.8,2340.86,3276.8,3547.14,0,0,0,0,0,0,0,0
282,1733217349210,10,READ,73,3780.61,43.46,1194.64,1201.15,2314.24,3047.42,3780.61,0,0,0,0,0,0,0,0
283,1733217349210,11,READ,72,3557.38,39.97,1230.26,1195.01,2400.26,3467.26,3557.38,0,0,0,0,0,0,0,0
284,1733217349210,12,READ,72,3827.71,44.03,1206.58,1231.87,2322.43,3350.53,3827.71,0,0,0,0,0,0,0,0
285,1733217349210,13,READ,73,3721.22,37.82,1181.17,1166.34,2400.26,3690.49,3721.22,0,0,0,0,0,0,0,0
286,1733217349210,14,READ,2033,688.13,0.05,91.63,72.64,216.32,261.89,328.7,0,0,0,0,0,0,0,0
287,1733217349210,15,READ,2036,614.4,0.0,95.43,72.19,222.97,265.98,345.09,0,0,0,0,0,0,0,0
288,1733217349720,0,READ,73,3686.4,46.11,1102.92,1138.69,2170.88,3557.38,3686.4,0,0,0,0,0,0,0,0
289,1733217349720,1,READ,73,3966.97,41.31,1041.58,1149.95,2420.74,3041.28,3966.97,0,0,0,0,0,0,0,0
290,1733217349720,2,READ,73,3250.18,48.67,1027.47,1177.6,2004.99,3201.02,3250.18,0,0,0,0,0,0,0,0
291,1733217349720,3,READ,73,3454.97,41.31,1065.42,1250.3,2044.93,3155.97,3454.97,0,0,0,0,0,0,0,0
292,1733217349720,4,READ,73,3936.26,39.17,1061.02,1212.41,2332.67,3338.24,3936.26,0,0,0,0,0,0,0,0
293,1733217349720,5,READ,73,3817.47,42.5,1018.84,1175.55,2152.45,3248.13,3817.47,0,0,0,0,0,0,0,0
294,1733217349720,6,READ,73,3534.85,42.69,1063.38,1241.09,2234.37,3422.21,3534.85,0,0,0,0,0,0,0,0
295,1733217349720,7,READ,73,3766.27,46.34,1044.31,1157.12,2166.78,3643.39,3766.27,0,0,0,0,0,0,0,0
296,1733217349720,8,READ,73,3555.33,45.54,1031.63,1149.95,2058.24,3555.33,3555.33,0,0,0,0,0,0,0,0
297,1733217349720,9,READ,73,3481.6,43.2,1033.81,1155.07,2146.3,3391.49,3481.6,0,0,0,0,0,0,0,0
298,1733217349720,10,READ,73,3565.57,42.53,1021.66,1157.12,2152.45,3080.19,3565.57,0,0,0,0,0,0,0,0
299,1733217349720,11,READ,73,3710.97,49.5,1081.63,1227.78,2076.67,3641.34,3710.97,0,0,0,0,0,0,0,0
300,1733217349720,12,READ,73,4190.21,42.53,1036.36,1136.64,2193.41,3538.94,4190.21,0,0,0,0,0,0,0,0
301,1733217349720,13,READ,72,3766.27,38.08,1042.63,1131.52,2273.28,3522.56,3766.27,0,0,0,0,0,0,0,0
302,1733217349720,14,READ,2038,1439.74,0.12,93.62,75.14,203.52,272.89,886.78,0,0,0,0,0,0,0,0
303,1733217349720,15,READ,2034,456.45,0.01,98.02,80.25,217.34,257.41,305.41,0,0,0,0,0,0,0,0
304,1733217350230,0,READ,73,3647.49,46.08,1147.81,1232.89,2648.06,3561.47,3647.49,0,0,0,0,0,0,0,0
305,1733217350230,1,READ,73,3682.3,42.94,1047.06,1166.34,2099.2,3309.57,3682.3,0,0,0,0,0,0,0,0
306,1733217350230,2,READ,72,3794.94,46.78,1137.9,1187.84,2222.08,3557.38,3794.94,0,0,0,0,0,0,0,0
307,1733217350230,3,READ,73,3723.26,39.78,1154.38,1204.22,2478.08,3303.42,3723.26,0,0,0,0,0,0,0,0
308,1733217350230,4,READ,73,6385.66,42.02,1197.23,1232.89,2336.77,4141.06,6385.66,0,0,0,0,0,0,0,0
309,1733217350230,5,READ,73,4175.87,39.26,1140.09,1226.75,2418.69,4114.43,4175.87,0,0,0,0,0,0,0,0
310,1733217350230,6,READ,73,3911.68,49.98,1094.33,1161.21,2199.55,3651.58,3911.68,0,0,0,0,0,0,0,0
311,1733217350230,7,READ,73,4040.7,49.25,1158.43,1166.34,2291.71,3749.89,4040.7,0,0,0,0,0,0,0,0
312,1733217350230,8,READ,73,3903.49,46.21,1165.16,1235.97,2398.21,3825.66,3903.49,0,0,0,0,0,0,0,0
313,1733217350230,9,READ,73,3518.46,45.7,1075.15,1159.17,2105.34,3323.9,3518.46,0,0,0,0,0,0,0,0
314,1733217350230,10,READ,73,3868.67,44.67,1131.13,1225.73,2258.94,3481.6,3868.67,0,0,0,0,0,0,0,0
315,1733217350230,11,READ,73,4034.56,48.1,1188.21,1264.64,2414.59,3946.49,4034.56,0,0,0,0,0,0,0,0
316,1733217350230,12,READ,73,3815.42,46.53,1115.15,1180.67,2297.86,3743.74,3815.42,0,0,0,0,0,0,0,0
317,1733217350230,13,READ,73,3936.26,43.52,1121.41,1141.76,2500.61,3776.51,3936.26,0,0,0,0,0,0,0,0
318,1733217350230,14,READ,2044,1130.49,0.03,95.82,78.66,210.05,262.4,987.13,0,0,0,0,0,0,0,0
319,1733217350230,15,READ,2044,869.89,0.4,96.03,77.63,212.86,263.68,292.61,0,0,0,0,0,0,0,0
320,1733217350741,0,READ,73,3737.6,44.74,1156.26,1212.41,2265.09,3702.78,3737.6,0,0,0,0,0,0,0,0
321,1733217350741,1,READ,73,3553.28,44.45,1130.12,1155.07,2166.78,3362.82,3553.28,0,0,0,0,0,0,0,0
322,1733217350741,2,READ,73,2942.97,50.53,1093.13,1201.15,2058.24,2805.76,2942.97,0,0,0,0,0,0,0,0
323,1733217350741,3,READ,73,3084.29,37.5,1069.64,1222.65,1947.65,2654.21,3084.29,0,0,0,0,0,0,0,0
324,1733217350741,4,READ,73,3772.41,42.91,1117.51,1236.99,2228.22,2666.49,3772.41,0,0,0,0,0,0,0,0
325,1733217350741,5,READ,73,3434.49,45.38,1098.69,1196.03,2038.78,2779.14,3434.49,0,0,0,0,0,0,0,0
326,1733217350741,6,READ,73,3360.77,48.7,1089.53,1230.85,2089.98,2613.25,3360.77,0,0,0,0,0,0,0,0
327,1733217350741,7,READ,73,3956.74,47.39,1137.09,1185.79,2191.36,3631.1,3956.74,0,0,0,0,0,0,0,0
328,1733217350741,8,READ,73,3528.7,51.3,1086.96,1242.11,2057.22,2799.61,3528.7,0,0,0,0,0,0,0,0
329,1733217350741,9,READ,73,3131.39,44.64,1049.07,1134.59,1913.86,2668.54,3131.39,0,0,0,0,0,0,0,0
330,1733217350741,10,READ,73,3309.57,45.95,1052.01,1172.48,2220.03,2627.58,3309.57,0,0,0,0,0,0,0,0
331,1733217350741,11,READ,73,3561.47,50.82,1112.45,1244.16,2299.9,2566.14,3561.47,0,0,0,0,0,0,0,0
332,1733217350741,12,READ,73,3612.67,43.94,1089.83,1189.89,2084.86,2772.99,3612.67,0,0,0,0,0,0,0,0
333,1733217350741,13,READ,73,3108.86,42.27,1066.17,1197.06,2032.64,2732.03,3108.86,0,0,0,0,0,0,0,0
334,1733217350741,14,READ,2035,359.42,0.0,94.98,69.38,226.94,266.24,327.42,0,0,0,0,0,0,0,0
335,1733217350741,15,READ,2036,353.28,0.1,97.94,74.81,227.46,265.73,315.9,0,0,0,0,0,0,0,0
336,1733217351251,0,READ,73,3577.86,46.75,818.47,101.31,2013.18,3477.5,3577.86,0,0,0,0,0,0,0,0
337,1733217351251,1,READ,73,3493.89,43.71,759.55,111.49,1479.68,2940.93,3493.89,0,0,0,0,0,0,0,0
338,1733217351251,2,READ,72,3422.21,48.13,785.86,107.97,2119.68,3102.72,3422.21,0,0,0,0,0,0,0,0
339,1733217351251,3,READ,72,3663.87,41.15,783.2,90.5,2063.36,3633.15,3663.87,0,0,0,0,0,0,0,0
340,1733217351251,4,READ,72,3637.25,44.67,802.5,84.22,2334.72,3624.96,3637.25,0,0,0,0,0,0,0,0
341,1733217351251,5,READ,72,3840.0,43.65,829.99,1033.21,2314.24,3307.52,3840.0,0,0,0,0,0,0,0,0
342,1733217351251,6,READ,73,3504.13,49.31,821.69,126.59,2252.8,3008.51,3504.13,0,0,0,0,0,0,0,0
343,1733217351251,7,READ,73,3737.6,48.7,873.48,1025.54,2324.48,3659.78,3737.6,0,0,0,0,0,0,0,0
344,1733217351251,8,READ,73,3432.45,47.74,821.72,1001.47,2277.38,3397.63,3432.45,0,0,0,0,0,0,0,0
345,1733217351251,9,READ,73,3485.7,46.91,815.69,949.25,2209.79,3078.14,3485.7,0,0,0,0,0,0,0,0
346,1733217351251,10,READ,72,3436.54,47.87,803.83,95.49,2340.86,3399.68,3436.54,0,0,0,0,0,0,0,0
347,1733217351251,11,READ,73,3885.05,45.7,810.17,91.07,2240.51,3487.74,3885.05,0,0,0,0,0,0,0,0
348,1733217351251,12,READ,73,4155.39,48.32,822.26,95.1,2150.4,3303.42,4155.39,0,0,0,0,0,0,0,0
349,1733217351251,13,READ,73,3696.64,43.3,797.59,90.56,2119.68,3469.31,3696.64,0,0,0,0,0,0,0,0
350,1733217351251,14,READ,2036,341.5,0.06,92.81,66.88,224.64,261.25,284.42,0,0,0,0,0,0,0,0
351,1733217351251,15,READ,2037,394.75,0.12,96.07,74.05,223.36,259.45,303.1,0,0,0,0,0,0,0,0
352,1733217351760,0,READ,73,4833.28,46.02,1074.3,1184.77,2508.8,3758.08,4833.28,0,0,0,0,0,0,0,0
353,1733217351760,1,READ,73,3624.96,43.36,960.79,1071.1,2156.54,3624.96,3624.96,0,0,0,0,0,0,0,0
354,1733217351760,2,READ,73,4861.95,50.34,1046.54,1205.25,2138.11,3727.36,4861.95,0,0,0,0,0,0,0,0
355,1733217351760,3,READ,73,4927.49,42.11,1029.42,1186.82,2191.36,3684.35,4927.49,0,0,0,0,0,0,0,0
356,1733217351760,4,READ,73,4784.13,38.53,1047.03,1164.29,2250.75,3739.65,4784.13,0,0,0,0,0,0,0,0
357,1733217351760,5,READ,72,4632.57,44.96,1035.4,1160.19,2094.08,3518.46,4632.57,0,0,0,0,0,0,0,0
358,1733217351760,6,READ,73,4550.65,49.76,1025.93,1192.96,2086.91,3760.13,4550.65,0,0,0,0,0,0,0,0
359,1733217351760,7,READ,73,4403.2,47.26,1058.61,1123.33,2324.48,3831.81,4403.2,0,0,0,0,0,0,0,0
360,1733217351760,8,READ,73,4534.27,49.79,1059.02,1150.97,2244.61,3739.65,4534.27,0,0,0,0,0,0,0,0
361,1733217351760,9,READ,73,4415.49,46.82,1015.58,1138.69,2103.3,3989.5,4415.49,0,0,0,0,0,0,0,0
362,1733217351760,10,READ,73,3465.22,49.02,949.35,1069.06,2125.82,3454.97,3465.22,0,0,0,0,0,0,0,0
363,1733217351760,11,READ,73,5681.15,51.55,1087.12,1180.67,2030.59,4571.14,5681.15,0,0,0,0,0,0,0,0
364,1733217351760,12,READ,73,4489.22,42.46,1039.93,1219.58,2289.66,4116.48,4489.22,0,0,0,0,0,0,0,0
365,1733217351760,13,READ,73,4501.5,44.86,1075.12,1143.81,2228.22,3688.45,4501.5,0,0,0,0,0,0,0,0
366,1733217351760,14,READ,2038,2355.2,0.05,103.38,67.14,236.67,274.18,924.16,0,0,0,0,0,0,0,0
367,1733217351760,15,READ,2038,1928.19,0.05,105.13,75.65,231.29,263.42,566.27,0,0,0,0,0,0,0,0
368,1733217352271,0,READ,73,3606.53,47.46,1034.19,1124.35,1449.98,3430.4,3606.53,0,0,0,0,0,0,0,0
369,1733217352271,1,READ,73,3524.61,45.28,974.22,1092.61,1393.66,3172.35,3524.61,0,0,0,0,0,0,0,0
370,1733217352271,2,READ,73,4231.17,45.63,1040.26,1169.41,1565.69,3563.52,4231.17,0,0,0,0,0,0,0,0
371,1733217352271,3,READ,74,3956.74,41.95,989.33,1112.06,1521.66,3508.22,3956.74,0,0,0,0,0,0,0,0
372,1733217352271,4,READ,74,3948.54,39.36,1033.21,1154.05,1548.29,3622.91,3948.54,0,0,0,0,0,0,0,0
373,1733217352271,5,READ,73,3629.05,49.22,1048.28,1161.21,1461.25,3346.43,3629.05,0,0,0,0,0,0,0,0
374,1733217352271,6,READ,73,3690.49,48.64,1069.43,1126.4,1939.45,3403.78,3690.49,0,0,0,0,0,0,0,0
375,1733217352271,7,READ,73,3790.85,47.07,979.09,1115.13,1358.85,3477.5,3790.85,0,0,0,0,0,0,0,0
376,1733217352271,8,READ,73,3424.26,43.14,973.17,1099.78,1340.41,3348.48,3424.26,0,0,0,0,0,0,0,0
377,1733217352271,9,READ,74,3766.27,46.88,1033.57,1160.19,1530.88,3432.45,3766.27,0,0,0,0,0,0,0,0
378,1733217352271,10,READ,74,3827.71,44.93,1022.21,1114.11,1386.49,3569.66,3827.71,0,0,0,0,0,0,0,0
379,1733217352271,11,READ,74,3956.74,42.98,1059.53,1192.96,1638.4,3606.53,3956.74,0,0,0,0,0,0,0,0
380,1733217352271,12,READ,75,3801.09,43.49,1027.58,1158.14,1433.6,3708.93,3801.09,0,0,0,0,0,0,0,0
381,1733217352271,13,READ,75,3778.56,40.45,1018.76,1120.26,1480.7,3776.51,3778.56,0,0,0,0,0,0,0,0
382,1733217352271,14,READ,2090,677.89,0.08,102.65,73.73,236.03,268.03,333.57,0,0,0,0,0,0,0,0
383,1733217352271,15,READ,2093,381.44,0.05,99.68,71.94,226.81,259.71,283.9,0,0,0,0,0,0,0,0
384,1733217352795,0,READ,75,2711.55,47.94,1032.59,1166.34,2404.35,2701.31,2711.55,0,0,0,0,0,0,0,0
385,1733217352795,1,READ,75,3944.45,46.78,1076.47,1148.93,2140.16,3598.34,3944.45,0,0,0,0,0,0,0,0
386,1733217352795,2,READ,75,3766.27,52.77,1114.97,1188.86,2461.7,3739.65,3766.27,0,0,0,0,0,0,0,0
387,1733217352795,3,READ,74,3852.29,41.06,1099.09,1174.53,2267.14,3672.06,3852.29,0,0,0,0,0,0,0,0
388,1733217352795,4,READ,74,4153.34,39.74,1107.35,1170.43,2238.46,3960.83,4153.34,0,0,0,0,0,0,0,0
389,1733217352795,5,READ,74,3684.35,45.5,1110.91,1204.22,2076.67,3657.73,3684.35,0,0,0,0,0,0,0,0
390,1733217352795,6,READ,75,3846.14,50.66,1084.7,1153.02,2136.06,3655.68,3846.14,0,0,0,0,0,0,0,0
391,1733217352795,7,READ,75,2703.36,46.14,959.69,1149.95,2267.14,2654.21,2703.36,0,0,0,0,0,0,0,0
392,1733217352795,8,READ,75,3676.16,46.08,1072.52,1104.89,2285.57,3594.24,3676.16,0,0,0,0,0,0,0,0
393,1733217352795,9,READ,74,3786.75,46.24,1063.86,1140.73,2073.6,3672.06,3786.75,0,0,0,0,0,0,0,0
394,1733217352795,10,READ,74,3870.72,48.38,1052.74,1107.97,2086.91,3612.67,3870.72,0,0,0,0,0,0,0,0
395,1733217352795,11,READ,74,3878.91,48.26,1089.23,1174.53,2213.89,3860.48,3878.91,0,0,0,0,0,0,0,0
396,1733217352795,12,READ,73,3964.93,44.48,1059.25,1176.58,2285.57,3817.47,3964.93,0,0,0,0,0,0,0,0
397,1733217352795,13,READ,73,4167.68,45.95,1055.42,1132.54,2230.27,3702.78,4167.68,0,0,0,0,0,0,0,0
398,1733217352795,14,READ,2043,435.71,0.1,104.61,75.84,235.26,266.5,329.73,0,0,0,0,0,0,0,0
399,1733217352795,15,READ,2035,355.58,0.01,101.58,74.37,229.76,261.12,317.44,0,0,0,0,0,0,0,0
400,1733217353305,0,READ,73,3596.29,48.13,946.11,1155.07,1392.64,3207.17,3596.29,0,0,0,0,0,0,0,0
401,1733217353305,1,READ,73,2783.23,47.04,959.34,1142.78,1464.32,2736.13,2783.23,0,0,0,0,0,0,0,0
402,1733217353305,2,READ,73,2533.38,45.38,950.72,1157.12,1417.21,2512.89,2533.38,0,0,0,0,0,0,0,0
403,1733217353305,3,READ,73,2498.56,44.06,941.93,1220.61,1455.1,2467.84,2498.56,0,0,0,0,0,0,0,0
404,1733217353305,4,READ,72,2695.17,43.49,931.97,1119.23,1429.5,2516.99,2695.17,0,0,0,0,0,0,0,0
405,1733217353305,5,READ,73,2758.66,41.15,937.38,1116.16,1395.71,2672.64,2758.66,0,0,0,0,0,0,0,0
406,1733217353305,6,READ,72,2600.96,46.4,934.18,1128.45,1354.75,2363.39,2600.96,0,0,0,0,0,0,0,0
407,1733217353305,7,READ,72,3639.3,44.86,952.87,1141.76,1383.42,2973.7,3639.3,0,0,0,0,0,0,0,0
408,1733217353305,8,READ,73,2785.28,48.7,946.08,1141.76,1443.84,2537.47,2785.28,0,0,0,0,0,0,0,0
409,1733217353305,9,READ,73,2541.57,48.58,891.81,1088.51,1349.63,2385.92,2541.57,0,0,0,0,0,0,0,0
410,1733217353305,10,READ,73,2828.29,48.51,915.2,1128.45,1398.78,2588.67,2828.29,0,0,0,0,0,0,0,0
411,1733217353305,11,READ,73,2863.1,50.34,938.95,1172.48,1460.22,2639.87,2863.1,0,0,0,0,0,0,0,0
412,1733217353305,12,READ,73,6266.88,46.14,991.83,1176.58,1435.65,2629.63,6266.88,0,0,0,0,0,0,0,0
413,1733217353305,13,READ,73,6225.92,50.98,1031.4,1145.86,1624.06,2719.74,6225.92,0,0,0,0,0,0,0,0
414,1733217353305,14,READ,2037,491.26,0.01,102.52,76.03,231.68,266.24,450.56,0,0,0,0,0,0,0,0
415,1733217353305,15,READ,2037,404.74,0.05,101.35,76.67,230.4,263.94,324.1,0,0,0,0,0,0,0,0
416,1733217353815,0,READ,73,3909.63,44.77,940.49,1049.6,1589.25,3080.19,3909.63,0,0,0,0,0,0,0,0
417,1733217353815,1,READ,73,3694.59,47.3,913.92,1064.96,1355.78,3381.25,3694.59,0,0,0,0,0,0,0,0
418,1733217353815,2,READ,73,3592.19,41.18,936.19,1097.73,1494.02,3203.07,3592.19,0,0,0,0,0,0,0,0
419,1733217353815,3,READ,73,3786.75,39.68,1007.35,1208.32,1436.67,3096.57,3786.75,0,0,0,0,0,0,0,0
420,1733217353815,4,READ,73,3698.69,41.66,924.94,1077.25,1373.18,3573.76,3698.69,0,0,0,0,0,0,0,0
421,1733217353815,5,READ,73,3534.85,45.31,936.84,1111.04,1412.1,3209.22,3534.85,0,0,0,0,0,0,0,0
422,1733217353815,6,READ,73,3555.33,51.07,958.15,1129.47,1541.12,3164.16,3555.33,0,0,0,0,0,0,0,0
423,1733217353815,7,READ,73,3586.05,43.97,898.09,1061.89,1465.34,3188.74,3586.05,0,0,0,0,0,0,0,0
424,1733217353815,8,READ,72,3661.82,47.3,970.39,1105.92,1479.68,3170.3,3661.82,0,0,0,0,0,0,0,0
425,1733217353815,9,READ,72,3442.69,48.13,932.28,1102.85,1545.21,3012.61,3442.69,0,0,0,0,0,0,0,0
426,1733217353815,10,READ,73,3809.28,45.47,917.52,1086.46,1447.93,3184.64,3809.28,0,0,0,0,0,0,0,0
427,1733217353815,11,READ,73,3510.27,50.46,954.8,1161.21,1553.41,3164.16,3510.27,0,0,0,0,0,0,0,0
428,1733217353815,12,READ,73,3579.9,43.49,947.48,1148.93,1502.21,3293.18,3579.9,0,0,0,0,0,0,0,0
429,1733217353815,13,READ,73,3860.48,43.87,960.7,1144.83,1527.81,3227.65,3860.48,0,0,0,0,0,0,0,0
430,1733217353815,14,READ,2036,691.71,0.08,110.09,79.42,235.52,283.9,527.87,0,0,0,0,0,0,0,0
431,1733217353815,15,READ,2037,664.06,0.0,102.17,73.6,232.57,266.24,492.8,0,0,0,0,0,0,0,0
432,1733217354325,0,READ,73,4077.57,45.15,1128.4,1159.17,2435.07,3803.14,4077.57,0,0,0,0,0,0,0,0
433,1733217354325,1,READ,73,3604.48,41.15,1141.08,1141.76,2295.81,3555.33,3604.48,0,0,0,0,0,0,0,0
434,1733217354325,2,READ,73,3547.14,48.26,1137.53,1181.69,2504.7,3385.34,3547.14,0,0,0,0,0,0,0,0
435,1733217354325,3,READ,73,3938.3,43.58,1163.38,1127.42,2596.86,3911.68,3938.3,0,0,0,0,0,0,0,0
436,1733217354325,4,READ,73,3919.87,42.69,1129.79,1196.03,2451.45,3891.2,3919.87,0,0,0,0,0,0,0,0
437,1733217354325,5,READ,73,3651.58,43.23,1158.03,1144.83,2480.13,3373.05,3651.58,0,0,0,0,0,0,0,0
438,1733217354325,6,READ,73,3770.37,45.92,1115.28,1124.35,2355.2,3702.78,3770.37,0,0,0,0,0,0,0,0
439,1733217354325,7,READ,73,3692.54,45.63,1114.88,1135.62,2576.38,3672.06,3692.54,0,0,0,0,0,0,0,0
440,1733217354325,8,READ,72,3520.51,48.35,1129.49,1171.45,2467.84,3475.45,3520.51,0,0,0,0,0,0,0,0
441,1733217354325,9,READ,72,3655.68,46.56,1182.23,1197.06,2367.49,3610.62,3655.68,0,0,0,0,0,0,0,0
442,1733217354325,10,READ,73,3512.32,51.36,1098.32,1130.49,2404.35,3414.01,3512.32,0,0,0,0,0,0,0,0
443,1733217354325,11,READ,73,3799.04,45.34,1121.73,1187.84,2482.18,3733.5,3799.04,0,0,0,0,0,0,0,0
444,1733217354325,12,READ,73,3729.41,44.96,1137.63,1190.91,2551.81,3436.54,3729.41,0,0,0,0,0,0,0,0
445,1733217354325,13,READ,73,4263.94,43.74,1131.29,1122.3,2424.83,3608.57,4263.94,0,0,0,0,0,0,0,0
446,1733217354325,14,READ,2038,434.18,0.06,111.01,85.38,233.98,266.24,386.56,0,0,0,0,0,0,0,0
447,1733217354325,15,READ,2037,893.44,0.02,107.11,76.42,235.01,269.06,527.87,0,0,0,0,0,0,0,0
448,1733217354834,0,READ,73,3840.0,46.69,1026.34,1162.24,1404.93,2666.49,3840.0,0,0,0,0,0,0,0,0
449,1733217354834,1,READ,72,3297.28,45.63,927.05,1093.63,1392.64,2465.79,3297.28,0,0,0,0,0,0,0,0
450,1733217354834,2,READ,73,3592.19,47.26,1010.12,1187.84,1410.05,2656.26,3592.19,0,0,0,0,0,0,0,0
451,1733217354834,3,READ,73,2816.0,40.38,980.88,1139.71,1509.38,2570.24,2816.0,0,0,0,0,0,0,0,0
452,1733217354834,4,READ,73,3979.26,46.62,1035.98,1165.31,1460.22,3543.04,3979.26,0,0,0,0,0,0,0,0
453,1733217354834,5,READ,73,3987.45,44.54,968.05,1159.17,1433.6,2875.39,3987.45,0,0,0,0,0,0,0,0
454,1733217354834,6,READ,73,2916.35,45.44,966.29,1150.97,1394.69,2486.27,2916.35,0,0,0,0,0,0,0,0
455,1733217354834,7,READ,73,3723.26,49.22,1006.24,1121.28,1340.41,2723.84,3723.26,0,0,0,0,0,0,0,0
456,1733217354834,8,READ,72,4016.13,44.54,1026.58,1121.28,1359.87,2711.55,4016.13,0,0,0,0,0,0,0,0
457,1733217354834,9,READ,73,3502.08,46.05,946.32,1122.3,1392.64,2699.26,3502.08,0,0,0,0,0,0,0,0
458,1733217354834,10,READ,73,3649.53,44.83,934.46,1139.71,1359.87,2660.35,3649.53,0,0,0,0,0,0,0,0
459,1733217354834,11,READ,73,3555.33,47.26,987.65,1139.71,1497.09,2516.99,3555.33,0,0,0,0,0,0,0,0
460,1733217354834,12,READ,73,3465.22,42.88,952.49,1150.97,1368.06,2881.53,3465.22,0,0,0,0,0,0,0,0
461,1733217354834,13,READ,73,3809.28,44.32,1001.78,1130.49,1449.98,2807.81,3809.28,0,0,0,0,0,0,0,0
462,1733217354834,14,READ,2034,608.77,0.16,98.94,78.02,224.25,268.54,454.65,0,0,0,0,0,0,0,0
463,1733217354834,15,READ,2036,468.99,0.05,109.83,84.03,233.6,266.5,408.32,0,0,0,0,0,0,0,0
464,1733217355344,0,READ,72,3774.46,43.17,818.65,1069.06,1457.15,2351.1,3774.46,0,0,0,0,0,0,0,0
465,1733217355344,1,READ,73,3264.51,38.88,862.55,1099.78,1434.62,3229.7,3264.51,0,0,0,0,0,0,0,0
466,1733217355344,2,READ,73,3430.4,45.38,817.12,1076.22,1412.1,3096.57,3430.4,0,0,0,0,0,0,0,0
467,1733217355344,3,READ,73,3160.06,41.6,831.24,1112.06,1397.76,3026.94,3160.06,0,0,0,0,0,0,0,0
468,1733217355344,4,READ,73,3684.35,42.27,876.23,1137.66,1464.32,3663.87,3684.35,0,0,0,0,0,0,0,0
469,1733217355344,5,READ,73,3657.73,41.06,879.33,1068.03,1592.32,3502.08,3657.73,0,0,0,0,0,0,0,0
470,1733217355344,6,READ,73,3940.35,46.94,845.02,1108.99,1390.59,3082.24,3940.35,0,0,0,0,0,0,0,0
471,1733217355344,7,READ,73,3514.37,43.1,784.74,1012.22,1303.55,2529.28,3514.37,0,0,0,0,0,0,0,0
472,1733217355344,8,READ,73,3467.26,53.09,1591.8,2046.97,2488.32,3340.29,3467.26,0,0,0,0,0,0,0,0
473,1733217355344,9,READ,73,3518.46,46.59,872.6,1057.79,1409.02,3299.33,3518.46,0,0,0,0,0,0,0,0
474,1733217355344,10,READ,73,3864.57,45.41,860.55,1081.34,1451.01,3356.67,3864.57,0,0,0,0,0,0,0,0
475,1733217355344,11,READ,72,3633.15,46.08,856.27,1106.94,1414.14,3467.26,3633.15,0,0,0,0,0,0,0,0
476,1733217355344,12,READ,72,3651.58,41.54,851.82,1056.77,1373.18,3371.01,3651.58,0,0,0,0,0,0,0,0
477,1733217355344,13,READ,72,3799.04,42.62,852.96,1089.54,1394.69,3307.52,3799.04,0,0,0,0,0,0,0,0
478,1733217355344,14,READ,2034,558.59,0.07,101.71,78.21,228.35,309.5,507.13,0,0,0,0,0,0,0,0
479,1733217355344,15,READ,2037,820.22,0.01,111.86,95.42,229.12,278.53,627.71,0,0,0,0,0,0,0,0
480,1733217355854,0,READ,73,4036.61,43.55,1104.83,1208.32,2121.73,3606.53,4036.61,0,0,0,0,0,0,0,0
481,1733217355854,1,READ,72,4184.06,41.5,1007.3,1096.7,1574.91,3440.64,4184.06,0,0,0,0,0,0,0,0
482,1733217355854,2,READ,73,3487.74,43.39,1108.58,1162.24,2070.53,3252.22,3487.74,0,0,0,0,0,0,0,0
483,1733217355854,3,READ,73,4087.81,43.46,1111.51,1182.72,2086.91,3328.0,4087.81,0,0,0,0,0,0,0,0
484,1733217355854,4,READ,73,4001.79,47.04,1106.99,1184.77,2109.44,3653.63,4001.79,0,0,0,0,0,0,0,0
485,1733217355854,5,READ,73,3823.61,45.86,1098.2,1180.67,2101.25,3448.83,3823.61,0,0,0,0,0,0,0,0
486,1733217355854,6,READ,73,3776.51,46.27,1065.22,1146.88,1670.14,3340.29,3776.51,0,0,0,0,0,0,0,0
487,1733217355854,7,READ,73,3158.01,44.96,1020.9,1070.08,2067.45,2684.93,3158.01,0,0,0,0,0,0,0,0
488,1733217355854,8,READ,73,3651.58,54.69,1965.96,2174.97,2623.49,3276.8,3651.58,0,0,0,0,0,0,0,0
489,1733217355854,9,READ,73,3510.27,44.48,1074.89,1154.05,2033.66,3295.23,3510.27,0,0,0,0,0,0,0,0
490,1733217355854,10,READ,73,3459.07,49.47,1080.43,1130.49,1944.58,3430.4,3459.07,0,0,0,0,0,0,0,0
491,1733217355854,11,READ,73,3639.3,40.35,1098.17,1143.81,1701.89,3538.94,3639.3,0,0,0,0,0,0,0,0
492,1733217355854,12,READ,73,3473.41,42.34,1040.2,1158.14,1658.88,3360.77,3473.41,0,0,0,0,0,0,0,0
493,1733217355854,13,READ,72,3686.4,50.98,1096.47,1155.07,1806.34,3330.05,3686.4,0,0,0,0,0,0,0,0
494,1733217355854,14,READ,2039,1034.24,0.01,100.41,74.05,228.74,274.69,963.58,0,0,0,0,0,0,0,0
495,1733217355854,15,READ,2035,486.4,0.02,107.9,89.73,226.43,276.48,410.37,0,0,0,0,0,0,0,0
496,1733217356364,0,READ,72,5578.75,47.55,1132.47,1199.1,2557.95,3588.09,5578.75,0,0,0,0,0,0,0,0
497,1733217356364,1,READ,73,2607.1,44.9,1009.5,1172.48,2338.82,2551.81,2607.1,0,0,0,0,0,0,0,0
498,1733217356364,2,READ,73,2668.54,48.74,986.67,1141.76,2232.32,2658.3,2668.54,0,0,0,0,0,0,0,0
499,1733217356364,3,READ,73,2736.13,43.81,1012.97,1229.82,2394.11,2666.49,2736.13,0,0,0,0,0,0,0,0
500,1733217356364,4,READ,73,2568.19,44.45,966.67,1205.25,2113.53,2545.66,2568.19,0,0,0,0,0,0,0,0
501,1733217356364,5,READ,73,2830.34,48.67,974.99,1144.83,2340.86,2484.22,2830.34,0,0,0,0,0,0,0,0
502,1733217356364,6,READ,73,2906.11,48.8,1012.56,1161.21,2220.03,2738.18,2906.11,0,0,0,0,0,0,0,0
503,1733217356364,7,READ,73,3997.7,44.8,1046.11,1139.71,2457.6,3596.29,3997.7,0,0,0,0,0,0,0,0
504,1733217356364,8,READ,73,3739.65,62.3,1827.16,2154.49,2459.65,2895.87,3739.65,0,0,0,0,0,0,0,0
505,1733217356364,9,READ,73,3137.53,43.87,1030.73,1175.55,2144.26,2732.03,3137.53,0,0,0,0,0,0,0,0
506,1733217356364,10,READ,73,2676.74,43.42,997.28,1168.38,2248.7,2560.0,2676.74,0,0,0,0,0,0,0,0
507,1733217356364,11,READ,73,2535.42,43.23,995.33,1181.69,2320.38,2490.37,2535.42,0,0,0,0,0,0,0,0
508,1733217356364,12,READ,73,2768.89,43.17,980.29,1164.29,2138.11,2709.5,2768.89,0,0,0,0,0,0,0,0
509,1733217356364,13,READ,73,2797.57,51.2,963.53,1144.83,2271.23,2619.39,2797.57,0,0,0,0,0,0,0,0
510,1733217356364,14,READ,2035,371.45,0.04,95.92,71.42,230.27,264.19,314.88,0,0,0,0,0,0,0,0
511,1733217356364,15,READ,2041,295.68,0.14,107.06,85.31,226.94,256.64,266.5,0,0,0,0,0,0,0,0
512,1733217356874,0,READ,72,3823.61,44.93,882.92,1089.54,1477.63,2713.6,3823.61,0,0,0,0,0,0,0,0
513,1733217356874,1,READ,73,3911.68,39.3,845.01,1077.25,1340.41,3307.52,3911.68,0,0,0,0,0,0,0,0
514,1733217356874,2,READ,72,3696.64,51.81,878.53,1078.27,1451.01,3307.52,3696.64,0,0,0,0,0,0,0,0
515,1733217356874,3,READ,72,4014.08,44.64,907.43,1091.58,1520.64,3663.87,4014.08,0,0,0,0,0,0,0,0
516,1733217356874,4,READ,72,3743.74,39.94,855.39,1089.54,1357.82,3506.18,3743.74,0,0,0,0,0,0,0,0
517,1733217356874,5,READ,72,3667.97,50.27,884.02,1102.85,1408.0,3358.72,3667.97,0,0,0,0,0,0,0,0
518,1733217356874,6,READ,72,3637.25,40.42,922.16,1114.11,1441.79,3291.14,3637.25,0,0,0,0,0,0,0,0
519,1733217356874,7,READ,72,3772.41,45.5,907.41,1067.01,1456.13,2816.0,3772.41,0,0,0,0,0,0,0,0
520,1733217356874,8,READ,72,3620.86,56.19,1777.53,2085.89,2484.22,3620.86,3942.4,0,0,0,0,0,0,0,0
521,1733217356874,9,READ,73,3467.26,45.15,886.25,1075.2,1429.5,3401.73,3467.26,0,0,0,0,0,0,0,0
522,1733217356874,10,READ,72,3717.12,45.47,863.36,1071.1,1435.65,3510.27,3717.12,0,0,0,0,0,0,0,0
523,1733217356874,11,READ,73,4022.27,44.51,927.78,1175.55,1426.43,3917.82,4022.27,0,0,0,0,0,0,0,0
524,1733217356874,12,READ,72,4272.13,40.06,942.39,1106.94,1430.53,3672.06,4272.13,0,0,0,0,0,0,0,0
525,1733217356874,13,READ,72,3694.59,46.98,934.06,1082.37,1402.88,3661.82,3694.59,0,0,0,0,0,0,0,0
526,1733217356874,14,READ,2035,852.48,0.18,94.82,75.9,218.75,266.24,399.62,0,0,0,0,0,0,0,0
527,1733217356874,15,READ,2036,505.6,0.38,107.98,86.53,228.74,262.4,375.04,0,0,0,0,0,0,0,0
528,1733217357384,0,READ,73,3008.51,51.33,1091.1,1274.88,2179.07,2613.25,3008.51,0,0,0,0,0,0,0,0
529,1733217357384,1,READ,73,3741.7,46.34,1069.82,1135.62,1771.52,3594.24,3741.7,0,0,0,0,0,0,0,0
530,1733217357384,2,READ,73,3670.01,51.65,1038.52,1156.1,2016.26,3526.66,3670.01,0,0,0,0,0,0,0,0
531,1733217357384,3,READ,74,3803.14,40.74,1049.54,1170.43,2101.25,3106.82,3803.14,0,0,0,0,0,0,0,0
532,1733217357384,4,READ,74,3852.29,40.42,1107.35,1212.41,2230.27,3641.34,3852.29,0,0,0,0,0,0,0,0
533,1733217357384,5,READ,73,3672.06,45.86,1099.94,1221.63,2185.22,3434.49,3672.06,0,0,0,0,0,0,0,0
534,1733217357384,6,READ,74,3430.4,46.53,1054.8,1185.79,2129.92,3364.86,3430.4,0,0,0,0,0,0,0,0
535,1733217357384,7,READ,73,3407.87,39.23,987.71,1108.99,1647.62,2631.68,3407.87,0,0,0,0,0,0,0,0
536,1733217357384,8,READ,73,4816.9,75.65,1958.02,2152.45,2420.74,3612.67,4816.9,0,0,0,0,0,0,0,0
537,1733217357384,9,READ,73,3772.41,40.1,1046.71,1196.03,1895.42,3401.73,3772.41,0,0,0,0,0,0,0,0
538,1733217357384,10,READ,73,3678.21,44.35,1060.59,1179.65,2069.5,3657.73,3678.21,0,0,0,0,0,0,0,0
539,1733217357384,11,READ,73,3491.84,42.08,1048.9,1172.48,1585.15,3375.1,3491.84,0,0,0,0,0,0,0,0
540,1733217357384,12,READ,73,3538.94,38.56,1046.2,1185.79,1678.34,3379.2,3538.94,0,0,0,0,0,0,0,0
541,1733217357384,13,READ,73,3563.52,45.63,1050.2,1169.41,1522.69,3194.88,3563.52,0,0,0,0,0,0,0,0
542,1733217357384,14,READ,2022,1489.92,0.1,105.03,79.68,226.18,422.91,1026.56,0,0,0,0,0,0,0,0
543,1733217357384,15,READ,2020,1107.97,0.07,112.83,92.09,227.97,280.57,1032.7,0,0,0,0,0,0,0,0
544,1733217357894,0,READ,73,5496.83,43.68,1974.34,2590.72,3102.72,5341.18,5496.83,0,0,0,0,0,0,0,0
545,1733217357894,1,READ,73,6369.28,42.3,2000.73,2598.91,2973.7,5566.46,6369.28,0,0,0,0,0,0,0,0
546,1733217357894,2,READ,74,5668.86,39.74,2003.73,2598.91,2977.79,5464.06,5668.86,0,0,0,0,0,0,0,0
547,1733217357894,3,READ,73,5988.35,36.8,1967.06,2594.82,3162.11,5648.38,5988.35,0,0,0,0,0,0,0,0
548,1733217357894,4,READ,73,5443.58,36.86,1944.93,2598.91,3143.68,5332.99,5443.58,0,0,0,0,0,0,0,0
549,1733217357894,5,READ,74,5742.59,45.28,1906.2,2568.19,3010.56,5443.58,5742.59,0,0,0,0,0,0,0,0
550,1733217357894,6,READ,73,5677.06,36.06,1952.77,2590.72,3076.09,5402.62,5677.06,0,0,0,0,0,0,0,0
551,1733217357894,7,READ,73,5779.45,34.82,1961.17,2621.44,3033.09,5513.22,5779.45,0,0,0,0,0,0,0,0
552,1733217357894,8,READ,73,5779.45,46.08,3437.03,3069.95,5480.45,5623.81,5779.45,0,0,0,0,0,0,0,0
553,1733217357894,9,READ,73,5435.39,36.32,1904.32,2600.96,3076.09,5353.47,5435.39,0,0,0,0,0,0,0,0
554,1733217357894,10,READ,73,5877.76,44.86,1961.1,2613.25,3039.23,5734.4,5877.76,0,0,0,0,0,0,0,0
555,1733217357894,11,READ,74,5529.6,13.02,1867.8,2605.05,2969.6,5218.3,5529.6,0,0,0,0,0,0,0,0
556,1733217357894,12,READ,74,5394.43,39.42,1810.34,2584.57,3112.96,5275.65,5394.43,0,0,0,0,0,0,0,0
557,1733217357894,13,READ,74,5353.47,37.86,1905.66,2527.23,3039.23,4902.91,5353.47,0,0,0,0,0,0,0,0
558,1733217357894,14,READ,1525,4263.94,0.16,763.19,432.38,2094.08,2871.3,3852.29,0,0,0,0,0,0,0,0
559,1733217357894,15,READ,1537,4370.43,0.06,730.96,388.61,2065.41,3612.67,4317.18,0,0,0,0,0,0,0,0
560,1733217358419,0,READ,75,6123.52,41.82,2198.17,2711.55,3571.71,5607.42,6123.52,0,0,0,0,0,0,0,0
561,1733217358419,1,READ,75,5488.64,0.02,1818.3,2566.14,3061.76,5226.49,5488.64,0,0,0,0,0,0,0,0
562,1733217358419,2,READ,74,7143.42,39.65,2047.34,2617.34,3067.9,5705.73,7143.42,0,0,0,0,0,0,0,0
563,1733217358419,3,READ,75,5611.52,37.76,1935.3,2646.01,3145.73,5476.35,5611.52,0,0,0,0,0,0,0,0
564,1733217358419,4,READ,75,5558.27,36.54,1887.43,2605.05,2947.07,5230.59,5558.27,0,0,0,0,0,0,0,0
565,1733217358419,5,READ,74,6012.93,44.32,1912.15,2519.04,2934.78,5652.48,6012.93,0,0,0,0,0,0,0,0
566,1733217358419,6,READ,75,7364.61,38.11,2017.17,2666.49,3037.18,6213.63,7364.61,0,0,0,0,0,0,0,0
567,1733217358419,7,READ,75,5492.73,36.93,2126.46,2686.97,3323.9,5455.87,5492.73,0,0,0,0,0,0,0,0
568,1733217358419,8,READ,75,7327.74,43.2,3660.46,4820.99,5345.28,5722.11,7327.74,0,0,0,0,0,0,0,0
569,1733217358419,9,READ,75,7946.24,7.26,1915.29,2600.96,3051.52,5709.82,7946.24,0,0,0,0,0,0,0,0
570,1733217358419,10,READ,74,5783.55,38.21,1796.77,2510.85,2906.11,5414.91,5783.55,0,0,0,0,0,0,0,0
571,1733217358419,11,READ,74,7684.1,24.8,1890.78,2582.53,3000.32,5980.16,7684.1,0,0,0,0,0,0,0,0
572,1733217358419,12,READ,74,5533.69,38.66,1851.2,2592.77,2963.45,5128.19,5533.69,0,0,0,0,0,0,0,0
573,1733217358419,13,READ,74,4202.49,38.37,1753.17,2506.75,2936.83,3268.61,4202.49,0,0,0,0,0,0,0,0
574,1733217358419,14,READ,1519,5029.89,0.26,776.04,427.26,2080.77,2985.98,4182.02,0,0,0,0,0,0,0,0
575,1733217358419,15,READ,1506,4386.81,0.07,631.72,353.02,1731.58,3248.13,4263.94,0,0,0,0,0,0,0,0
576,1733217358929,0,READ,73,5992.45,38.91,1774.06,2508.8,3129.34,5808.13,5992.45,0,0,0,0,0,0,0,0
577,1733217358929,1,READ,73,5607.42,39.42,1638.98,2369.53,3033.09,5353.47,5607.42,0,0,0,0,0,0,0,0
578,1733217358929,2,READ,73,5595.14,35.36,1742.27,2484.22,2967.55,5480.45,5595.14,0,0,0,0,0,0,0,0
579,1733217358929,3,READ,72,5533.69,34.14,1670.06,2543.61,2930.69,5251.07,5533.69,0,0,0,0,0,0,0,0
580,1733217358929,4,READ,72,5484.54,26.06,1800.26,2637.82,3188.74,5230.59,5484.54,0,0,0,0,0,0,0,0
581,1733217358929,5,READ,73,5902.34,8.94,1751.89,2465.79,2828.29,5754.88,5902.34,0,0,0,0,0,0,0,0
582,1733217358929,6,READ,73,5582.85,35.97,1781.35,2557.95,3108.86,5246.98,5582.85,0,0,0,0,0,0,0,0
583,1733217358929,7,READ,73,5423.1,38.27,1701.84,2572.29,2990.08,5292.03,5423.1,0,0,0,0,0,0,0,0
584,1733217358929,8,READ,73,5918.72,42.56,3555.07,2906.11,5410.81,5758.98,5918.72,0,0,0,0,0,0,0,0
585,1733217358929,9,READ,73,7876.61,40.42,1764.84,2488.32,3002.37,5480.45,7876.61,0,0,0,0,0,0,0,0
586,1733217358929,10,READ,72,5500.93,39.62,1724.8,2488.32,2926.59,5332.99,5500.93,0,0,0,0,0,0,0,0
587,1733217358929,11,READ,73,5918.72,36.96,1705.8,2461.7,2975.74,5898.24,5918.72,0,0,0,0,0,0,0,0
588,1733217358929,12,READ,73,5267.45,35.52,1830.34,2557.95,3045.38,5234.69,5267.45,0,0,0,0,0,0,0,0
589,1733217358929,13,READ,73,5079.04,38.02,1594.91,2488.32,2908.16,4452.35,5079.04,0,0,0,0,0,0,0,0
590,1733217358929,14,READ,1542,4747.26,0.02,660.96,385.02,1833.98,2770.94,3993.6,0,0,0,0,0,0,0,0
591,1733217358929,15,READ,1543,4431.87,0.17,652.93,328.45,1885.18,3704.83,4069.38,0,0,0,0,0,0,0,0
592,1733217359439,0,READ,73,5853.18,38.46,1961.27,2568.19,3147.78,5537.79,5853.18,0,0,0,0,0,0,0,0
593,1733217359439,1,READ,73,5799.94,39.07,2004.6,2568.19,4894.72,5652.48,5799.94,0,0,0,0,0,0,0,0
594,1733217359439,2,READ,73,5455.87,38.98,2139.94,2592.77,3739.65,5439.49,5455.87,0,0,0,0,0,0,0,0
595,1733217359439,3,READ,73,5697.53,39.07,2092.14,2611.2,4110.34,5578.75,5697.53,0,0,0,0,0,0,0,0
596,1733217359439,4,READ,72,5664.77,36.54,2105.05,2619.39,3616.77,5582.85,5664.77,0,0,0,0,0,0,0,0
597,1733217359439,5,READ,73,5914.62,43.81,1992.87,2506.75,3491.84,5795.84,5914.62,0,0,0,0,0,0,0,0
598,1733217359439,6,READ,72,5533.69,38.75,2060.83,2623.49,3137.53,5427.2,5533.69,0,0,0,0,0,0,0,0
599,1733217359439,7,READ,72,7708.67,41.06,2042.65,2605.05,3213.31,5750.78,7708.67,0,0,0,0,0,0,0,0
600,1733217359439,8,READ,72,5943.3,41.79,3679.8,4001.79,5484.54,5853.18,5943.3,0,0,0,0,0,0,0,0
601,1733217359439,9,READ,72,8105.98,38.69,2246.22,2613.25,4980.73,7897.09,8105.98,0,0,0,0,0,0,0,0
602,1733217359439,10,READ,73,6103.04,5.13,2048.24,2521.09,3704.83,5787.65,6103.04,0,0,0,0,0,0,0,0
603,1733217359439,11,READ,72,8716.29,37.6,2208.84,2637.82,3833.86,8302.59,8716.29,0,0,0,0,0,0,0,0
604,1733217359439,12,READ,72,6103.04,34.78,2049.63,2586.62,3080.19,5521.41,6103.04,0,0,0,0,0,0,0,0
605,1733217359439,13,READ,72,5627.9,38.85,1898.51,2553.86,3121.15,5525.5,5627.9,0,0,0,0,0,0,0,0
606,1733217359439,14,READ,1463,4280.32,0.26,783.34,458.5,2087.93,2795.52,4077.57,0,0,0,0,0,0,0,0
607,1733217359439,15,READ,1471,5320.7,0.4,739.45,393.21,2079.74,3708.93,5103.61,0,0,0,0,0,0,0,0
608,1733217359948,0,READ,73,5914.62,38.43,1998.94,2607.1,3196.93,5697.53,5914.62,0,0,0,0,0,0,0,0
609,1733217359948,1,READ,72,5976.06,42.91,1931.58,2551.81,3010.56,5472.26,5976.06,0,0,0,0,0,0,0,0
610,1733217359948,2,READ,73,5599.23,37.5,1941.86,2625.53,3106.82,5423.1,5599.23,0,0,0,0,0,0,0,0
611,1733217359948,3,READ,73,5443.58,36.58,1838.38,2607.1,3037.18,5259.26,5443.58,0,0,0,0,0,0,0,0
612,1733217359948,4,READ,73,5746.69,37.63,1756.75,2613.25,3031.04,5505.02,5746.69,0,0,0,0,0,0,0,0
613,1733217359948,5,READ,73,5718.02,42.5,1880.38,2508.8,2967.55,5521.41,5718.02,0,0,0,0,0,0,0,0
614,1733217359948,6,READ,73,5324.8,36.48,1810.37,2541.57,2985.98,5013.5,5324.8,0,0,0,0,0,0,0,0
615,1733217359948,7,READ,73,5885.95,36.8,1869.94,2508.8,3028.99,5603.33,5885.95,0,0,0,0,0,0,0,0
616,1733217359948,8,READ,73,5844.99,58.59,3560.51,2859.01,5480.45,5746.69,5844.99,0,0,0,0,0,0,0,0
617,1733217359948,9,READ,74,5726.21,38.72,1844.34,2553.86,2920.45,5464.06,5726.21,0,0,0,0,0,0,0,0
618,1733217359948,10,READ,73,5791.74,40.32,1877.41,2576.38,2975.74,5472.26,5791.74,0,0,0,0,0,0,0,0
619,1733217359948,11,READ,73,5451.77,38.88,1900.99,2625.53,3082.24,5443.58,5451.77,0,0,0,0,0,0,0,0
620,1733217359948,12,READ,74,5353.47,34.75,1648.02,2383.87,2889.73,5242.88,5353.47,0,0,0,0,0,0,0,0
621,1733217359948,13,READ,73,5124.1,37.89,1584.96,2437.12,2813.95,3100.67,5124.1,0,0,0,0,0,0,0,0
622,1733217359948,14,READ,1515,4800.51,0.45,730.78,419.84,1972.22,2832.38,4206.59,0,0,0,0,0,0,0,0
623,1733217359948,15,READ,1511,4550.65,0.14,605.94,331.77,1656.83,3225.6,4231.17,0,0,0,0,0,0,0,0
624,1733217360458,0,READ,73,5767.17,41.89,1697.44,2189.31,3112.96,5570.56,5767.17,0,0,0,0,0,0,0,0
625,1733217360458,1,READ,73,5750.78,36.03,1676.77,2420.74,3155.97,5701.63,5750.78,0,0,0,0,0,0,0,0
626,1733217360458,2,READ,73,8249.34,36.61,1821.92,2496.51,3133.44,5799.94,8249.34,0,0,0,0,0,0,0,0
627,1733217360458,3,READ,73,7688.19,36.45,1770.57,2379.78,3045.38,5713.92,7688.19,0,0,0,0,0,0,0,0
628,1733217360458,4,READ,73,7852.03,36.7,1767.29,2396.16,3033.09,5681.15,7852.03,0,0,0,0,0,0,0,0
629,1733217360458,5,READ,73,5951.49,40.51,1791.62,2459.65,3018.75,5697.53,5951.49,0,0,0,0,0,0,0,0
630,1733217360458,6,READ,73,7655.42,35.9,1779.59,2605.05,3119.1,5742.59,7655.42,0,0,0,0,0,0,0,0
631,1733217360458,7,READ,72,5500.93,37.38,1732.16,2510.85,2979.84,5464.06,5500.93,0,0,0,0,0,0,0,0
632,1733217360458,8,READ,73,7876.61,1.2,3422.9,2777.09,5545.98,5980.16,7876.61,0,0,0,0,0,0,0,0
633,1733217360458,9,READ,72,7864.32,37.5,1611.42,2134.01,3010.56,5541.89,7864.32,0,0,0,0,0,0,0,0
634,1733217360458,10,READ,73,5738.49,40.67,1653.88,2465.79,2881.53,5545.98,5738.49,0,0,0,0,0,0,0,0
635,1733217360458,11,READ,72,8245.25,9.36,1798.82,2414.59,3016.7,8167.42,8245.25,0,0,0,0,0,0,0,0
636,1733217360458,12,READ,72,5554.18,34.56,1634.02,2492.41,3014.66,5480.45,5554.18,0,0,0,0,0,0,0,0
637,1733217360458,13,READ,72,5304.32,38.53,1626.94,2369.53,2969.6,5214.21,5304.32,0,0,0,0,0,0,0,0
638,1733217360458,14,READ,1502,5136.38,0.18,713.56,406.78,1977.34,2768.89,3758.08,0,0,0,0,0,0,0,0
639,1733217360458,15,READ,1509,4521.98,0.04,637.21,353.54,1661.95,3170.3,3964.93,0,0,0,0,0,0,0,0
640,1733217360968,0,READ,72,6230.02,40.8,2107.42,2686.97,3233.79,5611.52,6230.02,0,0,0,0,0,0,0,0
641,1733217360968,1,READ,73,6373.38,41.5,2066.3,2668.54,3119.1,6242.3,6373.38,0,0,0,0,0,0,0,0
642,1733217360968,2,READ,73,7786.49,39.07,2131.58,2639.87,3203.07,5791.74,7786.49,0,0,0,0,0,0,0,0
643,1733217360968,3,READ,73,5447.68,40.83,2037.17,2656.26,3203.07,5373.95,5447.68,0,0,0,0,0,0,0,0
644,1733217360968,4,READ,73,7741.44,36.64,2137.19,2652.16,3358.72,5971.97,7741.44,0,0,0,0,0,0,0,0
645,1733217360968,5,READ,72,5910.53,43.84,2089.52,2586.62,3035.14,5521.41,5910.53,0,0,0,0,0,0,0,0
646,1733217360968,6,READ,73,6955.01,39.04,1954.86,2596.86,3166.21,5894.14,6955.01,0,0,0,0,0,0,0,0
647,1733217360968,7,READ,73,5836.8,38.69,2034.62,2584.57,3045.38,5439.49,5836.8,0,0,0,0,0,0,0,0
648,1733217360968,8,READ,73,5877.76,43.81,3630.34,4894.72,5591.04,5865.47,5877.76,0,0,0,0,0,0,0,0
649,1733217360968,9,READ,73,6250.49,39.52,2085.38,2605.05,3067.9,5881.85,6250.49,0,0,0,0,0,0,0,0
650,1733217360968,10,READ,72,5619.71,40.74,2103.3,2574.34,3899.39,5468.16,5619.71,0,0,0,0,0,0,0,0
651,1733217360968,11,READ,74,8568.83,39.07,2203.81,2603.01,4243.45,5947.39,8568.83,0,0,0,0,0,0,0,0
652,1733217360968,12,READ,74,5513.22,1.14,1852.27,2529.28,2983.93,5435.39,5513.22,0,0,0,0,0,0,0,0
653,1733217360968,13,READ,74,5599.23,38.08,1781.51,2555.9,2973.7,5173.25,5599.23,0,0,0,0,0,0,0,0
654,1733217360968,14,READ,1481,4599.81,0.04,714.04,418.05,1943.55,2811.9,4048.89,0,0,0,0,0,0,0,0
655,1733217360968,15,READ,1478,4411.39,0.03,702.68,380.67,1931.26,3592.19,4325.38,0,0,0,0,0,0,0,0
656,1733217361478,0,READ,72,5939.2,40.7,1916.55,2557.95,3002.37,5758.98,5939.2,0,0,0,0,0,0,0,0
657,1733217361478,1,READ,73,5758.98,40.86,1770.78,2586.62,2979.84,5382.14,5758.98,0,0,0,0,0,0,0,0
658,1733217361478,2,READ,72,5369.85,36.19,1700.76,2566.14,2914.3,5259.26,5369.85,0,0,0,0,0,0,0,0
659,1733217361478,3,READ,73,5566.46,36.8,1709.38,2564.09,2963.45,5484.54,5566.46,0,0,0,0,0,0,0,0
660,1733217361478,4,READ,73,5873.66,36.93,1725.71,2574.34,2965.5,5304.32,5873.66,0,0,0,0,0,0,0,0
661,1733217361478,5,READ,73,6098.94,40.93,1782.91,2510.85,2934.78,5586.94,6098.94,0,0,0,0,0,0,0,0
662,1733217361478,6,READ,73,5443.58,37.28,1814.78,2639.87,2949.12,5218.3,5443.58,0,0,0,0,0,0,0,0
663,1733217361478,7,READ,73,5640.19,37.12,1817.77,2560.0,2912.26,5574.65,5640.19,0,0,0,0,0,0,0,0
664,1733217361478,8,READ,72,5709.82,39.9,3447.38,2764.8,5414.91,5685.25,5709.82,0,0,0,0,0,0,0,0
665,1733217361478,9,READ,73,5492.73,36.06,1828.94,2549.76,2910.21,5349.38,5492.73,0,0,0,0,0,0,0,0
666,1733217361478,10,READ,72,5808.13,41.09,1827.25,2547.71,3065.86,5345.28,5808.13,0,0,0,0,0,0,0,0
667,1733217361478,11,READ,72,5656.57,4.66,1892.08,2625.53,3028.99,5300.22,5656.57,0,0,0,0,0,0,0,0
668,1733217361478,12,READ,72,5566.46,35.62,1824.31,2523.14,3028.99,5472.26,5566.46,0,0,0,0,0,0,0,0
669,1733217361478,13,READ,72,5263.36,38.82,1736.31,2568.19,2877.44,3440.64,5263.36,0,0,0,0,0,0,0,0
670,1733217361478,14,READ,1532,4386.81,0.13,718.19,410.37,1957.89,2879.49,3674.11,0,0,0,0,0,0,0,0
671,1733217361478,15,READ,1528,4317.18,0.21,657.54,362.5,1757.18,3565.57,4003.84,0,0,0,0,0,0,0,0
672,1733217361987,0,READ,73,5623.81,40.29,2404.16,2709.5,3203.07,5611.52,5623.81,0,0,0,0,0,0,0,0
673,1733217361987,1,READ,72,6021.12,41.73,2517.61,2625.53,5222.4,5636.1,6021.12,0,0,0,0,0,0,0,0
674,1733217361987,2,READ,72,5709.82,38.72,2561.76,2719.74,5214.21,5672.96,5709.82,0,0,0,0,0,0,0,0
675,1733217361987,3,READ,72,6176.77,38.46,2517.73,2707.45,5021.69,5545.98,6176.77,0,0,0,0,0,0,0,0
676,1733217361987,4,READ,72,6045.69,38.5,2543.69,2752.51,4993.02,5976.06,6045.69,0,0,0,0,0,0,0,0
677,1733217361987,5,READ,73,5849.09,42.98,2456.19,2680.83,4907.01,5332.99,5849.09,0,0,0,0,0,0,0,0
678,1733217361987,6,READ,73,5574.65,36.8,2426.61,2709.5,4976.64,5406.72,5574.65,0,0,0,0,0,0,0,0
679,1733217361987,7,READ,72,5935.1,40.26,2301.03,2672.64,3072.0,5521.41,5935.1,0,0,0,0,0,0,0,0
680,1733217361987,8,READ,73,5758.98,28.7,4039.16,5087.23,5464.06,5636.1,5758.98,0,0,0,0,0,0,0,0
681,1733217361987,9,READ,73,5767.17,38.78,2228.11,2648.06,2981.89,5263.36,5767.17,0,0,0,0,0,0,0,0
682,1733217361987,10,READ,72,5521.41,42.27,2468.46,2627.58,5160.96,5472.26,5521.41,0,0,0,0,0,0,0,0
683,1733217361987,11,READ,73,8212.48,38.3,2469.08,2682.88,4919.3,5742.59,8212.48,0,0,0,0,0,0,0,0
684,1733217361987,12,READ,73,5464.06,19.52,2341.52,2627.58,3282.94,5296.13,5464.06,0,0,0,0,0,0,0,0
685,1733217361987,13,READ,73,5410.81,28.35,2101.98,2615.3,2969.6,5132.29,5410.81,0,0,0,0,0,0,0,0
686,1733217361987,14,READ,1420,4861.95,0.77,840.21,537.09,2099.2,3037.18,4837.38,0,0,0,0,0,0,0,0
687,1733217361987,15,READ,1421,4849.66,0.02,762.19,421.12,2040.83,3584.0,4423.68,0,0,0,0,0,0,0,0
688,1733217362497,0,READ,73,7696.38,42.69,2132.66,2596.86,3115.01,6246.4,7696.38,0,0,0,0,0,0,0,0
689,1733217362497,1,READ,73,8314.88,40.06,2104.38,2510.85,2996.22,8040.45,8314.88,0,0,0,0,0,0,0,0
690,1733217362497,2,READ,74,7004.16,37.47,1928.55,2570.24,3037.18,5947.39,7004.16,0,0,0,0,0,0,0,0
691,1733217362497,3,READ,73,5468.16,2.7,1905.49,2605.05,3039.23,5296.13,5468.16,0,0,0,0,0,0,0,0
692,1733217362497,4,READ,74,6070.27,35.26,1842.7,2570.24,2973.7,5521.41,6070.27,0,0,0,0,0,0,0,0
693,1733217362497,5,READ,73,5791.74,44.48,1968.47,2504.7,3008.51,5509.12,5791.74,0,0,0,0,0,0,0,0
694,1733217362497,6,READ,73,5693.44,36.58,1763.98,2521.09,2924.54,5533.69,5693.44,0,0,0,0,0,0,0,0
695,1733217362497,7,READ,73,5840.9,38.56,1975.07,2570.24,3024.89,5820.41,5840.9,0,0,0,0,0,0,0,0
696,1733217362497,8,READ,74,5668.86,30.34,3625.46,4065.28,5373.95,5570.56,5668.86,0,0,0,0,0,0,0,0
697,1733217362497,9,READ,73,7770.11,36.93,1965.42,2541.57,3045.38,5537.79,7770.11,0,0,0,0,0,0,0,0
698,1733217362497,10,READ,74,5656.57,39.94,1848.37,2506.75,2881.53,5521.41,5656.57,0,0,0,0,0,0,0,0
699,1733217362497,11,READ,73,5677.06,37.89,1857.73,2598.91,2930.69,5484.54,5677.06,0,0,0,0,0,0,0,0
700,1733217362497,12,READ,73,5132.29,35.42,1796.13,2584.57,3012.61,4358.14,5132.29,0,0,0,0,0,0,0,0
701,1733217362497,13,READ,73,5136.38,39.04,1695.8,2447.36,2818.05,3827.71,5136.38,0,0,0,0,0,0,0,0
702,1733217362497,14,READ,1419,4792.32,0.02,851.32,466.43,2246.66,3788.8,4595.71,0,0,0,0,0,0,0,0
703,1733217362497,15,READ,1420,4239.36,0.14,614.11,338.94,1734.65,3493.89,3964.93,0,0,0,0,0,0,0,0
704,1733217363007,0,READ,72,7405.57,36.54,1966.49,2637.82,3149.82,5787.65,7405.57,0,0,0,0,0,0,0,0
705,1733217363007,1,READ,73,5922.81,38.37,1906.73,2572.29,3086.34,5857.28,5922.81,0,0,0,0,0,0,0,0
706,1733217363007,2,READ,72,8134.65,36.99,2059.06,2619.39,3264.51,8028.16,8134.65,0,0,0,0,0,0,0,0
707,1733217363007,3,READ,72,5615.61,39.71,1805.1,2525.18,3133.44,5488.64,5615.61,0,0,0,0,0,0,0,0
708,1733217363007,4,READ,72,7725.06,36.7,1923.39,2594.82,3072.0,5836.8,7725.06,0,0,0,0,0,0,0,0
709,1733217363007,5,READ,72,5705.73,40.32,1829.16,2435.07,2805.76,5410.81,5705.73,0,0,0,0,0,0,0,0
710,1733217363007,6,READ,72,5574.65,37.57,1699.11,2381.82,2967.55,5373.95,5574.65,0,0,0,0,0,0,0,0
711,1733217363007,7,READ,72,7806.98,38.24,1912.98,2564.09,3196.93,5931.01,7806.98,0,0,0,0,0,0,0,0
712,1733217363007,8,READ,72,5677.06,19.07,3676.42,4927.49,5484.54,5677.06,5677.06,0,0,0,0,0,0,0,0
713,1733217363007,9,READ,72,5615.61,35.81,1902.93,2531.33,3082.24,5570.56,5615.61,0,0,0,0,0,0,0,0
714,1733217363007,10,READ,72,6062.08,40.8,1786.76,2529.28,2959.36,5603.33,6062.08,0,0,0,0,0,0,0,0
715,1733217363007,11,READ,73,5832.7,38.69,1844.74,2590.72,3039.23,5521.41,5832.7,0,0,0,0,0,0,0,0
716,1733217363007,12,READ,73,5746.69,37.18,1835.38,2455.55,3096.57,5488.64,5746.69,0,0,0,0,0,0,0,0
717,1733217363007,13,READ,72,5820.41,36.61,1870.16,2543.61,2994.18,5414.91,5820.41,0,0,0,0,0,0,0,0
718,1733217363007,14,READ,1751,4714.49,0.06,667.8,354.56,1912.83,3805.18,4349.95,0,0,0,0,0,0,0,0
719,1733217363007,15,READ,1753,3018.75,0.04,400.29,264.45,977.92,2058.24,2560.0,0,0,0,0,0,0,0,0
720,1733217363517,0,READ,73,5758.98,38.66,1686.32,2387.97,3139.58,5623.81,5758.98,0,0,0,0,0,0,0,0
721,1733217363517,1,READ,73,5644.29,35.68,1677.08,2357.25,3278.85,5468.16,5644.29,0,0,0,0,0,0,0,0
722,1733217363517,2,READ,73,7737.34,35.23,1740.76,2400.26,5173.25,5627.9,7737.34,0,0,0,0,0,0,0,0
723,1733217363517,3,READ,73,6270.98,37.02,1629.71,836.61,3049.47,5857.28,6270.98,0,0,0,0,0,0,0,0
724,1733217363517,4,READ,73,5734.4,34.66,1411.48,205.06,2953.22,5701.63,5734.4,0,0,0,0,0,0,0,0
725,1733217363517,5,READ,73,7614.46,39.04,1776.69,2248.7,5107.71,5578.75,7614.46,0,0,0,0,0,0,0,0
726,1733217363517,6,READ,73,6295.55,37.22,1579.24,1690.62,2922.49,5861.38,6295.55,0,0,0,0,0,0,0,0
727,1733217363517,7,READ,73,8073.22,36.45,1531.36,242.18,2971.65,5488.64,8073.22,0,0,0,0,0,0,0,0
728,1733217363517,8,READ,73,5791.74,39.49,3005.29,2539.52,5316.61,5599.23,5791.74,0,0,0,0,0,0,0,0
729,1733217363517,9,READ,73,5644.29,36.0,1486.05,1735.68,2918.4,5013.5,5644.29,0,0,0,0,0,0,0,0
730,1733217363517,10,READ,73,5767.17,40.1,1656.26,2099.2,3108.86,5697.53,5767.17,0,0,0,0,0,0,0,0
731,1733217363517,11,READ,73,5603.33,36.54,1425.89,663.04,2985.98,5525.5,5603.33,0,0,0,0,0,0,0,0
732,1733217363517,12,READ,73,5812.22,5.04,1467.76,1021.95,2918.4,5435.39,5812.22,0,0,0,0,0,0,0,0
733,1733217363517,13,READ,73,5640.19,36.7,1343.42,304.13,2865.15,5242.88,5640.19,0,0,0,0,0,0,0,0
734,1733217363517,14,READ,1570,5459.97,0.1,785.1,344.32,2355.2,4184.06,4853.76,0,0,0,0,0,0,0,0
735,1733217363517,15,READ,1572,2836.48,0.07,367.66,248.32,842.75,2142.21,2756.61,0,0,0,0,0,0,0,0
736,1733217364027,0,READ,73,8048.64,38.3,2177.46,2594.82,5210.11,5496.83,8048.64,0,0,0,0,0,0,0,0
737,1733217364027,1,READ,73,6127.61,39.14,1750.92,2418.69,3196.93,6029.31,6127.61,0,0,0,0,0,0,0,0
738,1733217364027,2,READ,73,8105.98,37.73,2000.64,2539.52,3170.3,5611.52,8105.98,0,0,0,0,0,0,0,0
739,1733217364027,3,READ,73,5332.99,37.06,1804.34,2457.6,3313.66,5251.07,5332.99,0,0,0,0,0,0,0,0
740,1733217364027,4,READ,73,5595.14,36.86,1864.01,2564.09,3323.9,5390.34,5595.14,0,0,0,0,0,0,0,0
741,1733217364027,5,READ,73,8278.01,42.24,1937.83,2441.22,3330.05,5640.19,8278.01,0,0,0,0,0,0,0,0
742,1733217364027,6,READ,73,5894.14,35.36,1859.98,2543.61,3287.04,5214.21,5894.14,0,0,0,0,0,0,0,0
743,1733217364027,7,READ,73,5984.26,39.14,2066.07,2574.34,5001.22,5709.82,5984.26,0,0,0,0,0,0,0,0
744,1733217364027,8,READ,73,6238.21,50.4,3753.62,4665.34,5476.35,5763.07,6238.21,0,0,0,0,0,0,0,0
745,1733217364027,9,READ,72,8347.65,36.77,1922.26,2490.37,3115.01,7540.73,8347.65,0,0,0,0,0,0,0,0
746,1733217364027,10,READ,73,5701.63,40.38,1789.06,2408.45,3141.63,5586.94,5701.63,0,0,0,0,0,0,0,0
747,1733217364027,11,READ,73,8237.06,38.21,1939.82,2510.85,3340.29,7630.85,8237.06,0,0,0,0,0,0,0,0
748,1733217364027,12,READ,72,5173.25,35.42,1747.08,2471.93,3301.38,4796.41,5173.25,0,0,0,0,0,0,0,0
749,1733217364027,13,READ,72,5406.72,37.6,1668.67,2373.63,3086.34,3713.02,5406.72,0,0,0,0,0,0,0,0
750,1733217364027,14,READ,1479,5316.61,0.06,1004.95,506.62,2824.19,4210.69,4968.45,0,0,0,0,0,0,0,0
751,1733217364027,15,READ,1477,2449.41,0.06,412.26,278.53,1030.14,1844.22,2283.52,0,0,0,0,0,0,0,0
752,1733217364537,0,READ,73,5521.41,39.74,1842.48,2611.2,2920.45,5423.1,5521.41,0,0,0,0,0,0,0,0
753,1733217364537,1,READ,73,5730.3,39.58,1977.17,2568.19,3006.46,5554.18,5730.3,0,0,0,0,0,0,0,0
754,1733217364537,2,READ,73,5636.1,36.45,1977.2,2605.05,2983.93,5537.79,5636.1,0,0,0,0,0,0,0,0
755,1733217364537,3,READ,73,5566.46,36.29,1897.05,2576.38,2988.03,5541.89,5566.46,0,0,0,0,0,0,0,0
756,1733217364537,4,READ,73,5738.49,37.7,1802.81,2537.47,2957.31,5443.58,5738.49,0,0,0,0,0,0,0,0
757,1733217364537,5,READ,73,5570.56,40.93,1804.36,2519.04,2899.97,5287.94,5570.56,0,0,0,0,0,0,0,0
758,1733217364537,6,READ,73,5275.65,36.32,1821.15,2580.48,2996.22,3237.89,5275.65,0,0,0,0,0,0,0,0
759,1733217364537,7,READ,73,5406.72,36.35,1754.24,2586.62,2926.59,3364.86,5406.72,0,0,0,0,0,0,0,0
760,1733217364537,8,READ,73,5742.59,50.59,3575.06,2926.59,5292.03,5718.02,5742.59,0,0,0,0,0,0,0,0
761,1733217364537,9,READ,73,8335.36,36.64,1904.79,2551.81,2981.89,5464.06,8335.36,0,0,0,0,0,0,0,0
762,1733217364537,10,READ,73,5771.26,39.1,1874.34,2506.75,2979.84,5713.92,5771.26,0,0,0,0,0,0,0,0
763,1733217364537,11,READ,72,8019.97,35.23,2001.07,2553.86,3094.53,6324.22,8019.97,0,0,0,0,0,0,0,0
764,1733217364537,12,READ,73,5447.68,36.48,1736.93,2600.96,2902.01,4085.76,5447.68,0,0,0,0,0,0,0,0
765,1733217364537,13,READ,73,3348.48,36.8,1720.77,2570.24,2945.02,3211.26,3348.48,0,0,0,0,0,0,0,0
766,1733217364537,14,READ,1517,5218.3,0.06,965.56,460.54,2748.41,4321.28,5099.52,0,0,0,0,0,0,0,0
767,1733217364537,15,READ,1514,2781.18,0.01,394.92,267.26,903.17,2189.31,2549.76,0,0,0,0,0,0,0,0
768,1733217365047,0,READ,73,5906.43,38.5,1899.88,2533.38,3164.16,5541.89,5906.43,0,0,0,0,0,0,0,0
769,1733217365047,1,READ,73,7245.82,36.13,1947.73,2510.85,4812.8,5832.7,7245.82,0,0,0,0,0,0,0,0
770,1733217365047,2,READ,73,5685.25,37.86,1911.99,2576.38,4521.98,5595.14,5685.25,0,0,0,0,0,0,0,0
771,1733217365047,3,READ,73,5877.76,37.12,1917.08,2594.82,3348.48,5861.38,5877.76,0,0,0,0,0,0,0,0
772,1733217365047,4,READ,73,5672.96,36.29,1852.28,2473.98,3207.17,5513.22,5672.96,0,0,0,0,0,0,0,0
773,1733217365047,5,READ,73,5472.26,40.48,1864.71,2414.59,3006.46,5451.77,5472.26,0,0,0,0,0,0,0,0
774,1733217365047,6,READ,73,5722.11,35.52,1957.91,2574.34,5120.0,5648.38,5722.11,0,0,0,0,0,0,0,0
775,1733217365047,7,READ,73,5734.4,37.76,1787.76,2514.94,3067.9,5730.3,5734.4,0,0,0,0,0,0,0,0
776,1733217365047,8,READ,73,5914.62,38.75,3574.19,4415.49,5505.02,5783.55,5914.62,0,0,0,0,0,0,0,0
777,1733217365047,9,READ,74,5648.38,36.64,1707.25,2514.94,3162.11,5607.42,5648.38,0,0,0,0,0,0,0,0
778,1733217365047,10,READ,73,5550.08,40.99,1865.66,2502.66,3403.78,5492.73,5550.08,0,0,0,0,0,0,0,0
779,1733217365047,11,READ,74,5402.62,17.6,1746.71,2398.21,3059.71,5267.45,5402.62,0,0,0,0,0,0,0,0
780,1733217365047,12,READ,74,5513.22,36.48,1703.96,2447.36,2906.11,5406.72,5513.22,0,0,0,0,0,0,0,0
781,1733217365047,13,READ,74,5607.42,3.28,1618.14,2443.26,2953.22,5591.04,5607.42,0,0,0,0,0,0,0,0
782,1733217365047,14,READ,1789,5316.61,0.21,617.71,331.26,1693.69,3653.63,5246.98,0,0,0,0,0,0,0,0
783,1733217365047,15,READ,1777,3086.34,0.08,429.9,274.43,1026.56,2420.74,2840.57,0,0,0,0,0,0,0,0
784,1733217365556,0,READ,73,5394.43,37.86,1913.81,2584.57,2918.4,5042.18,5394.43,0,0,0,0,0,0,0,0
785,1733217365556,1,READ,72,5775.36,38.56,2134.06,2662.4,2990.08,5468.16,5775.36,0,0,0,0,0,0,0,0
786,1733217365556,2,READ,73,5808.13,37.82,3674.18,5005.31,5451.77,5693.44,5808.13,0,0,0,0,0,0,0,0
787,1733217365556,3,READ,73,5476.35,37.54,2142.81,2611.2,2963.45,5292.03,5476.35,0,0,0,0,0,0,0,0
788,1733217365556,4,READ,73,5861.38,38.56,2143.74,2670.59,3004.41,5496.83,5861.38,0,0,0,0,0,0,0,0
789,1733217365556,5,READ,73,5267.45,42.37,2173.88,2611.2,2998.27,5251.07,5267.45,0,0,0,0,0,0,0,0
790,1733217365556,6,READ,73,5427.2,37.54,2178.27,2619.39,3018.75,5234.69,5427.2,0,0,0,0,0,0,0,0
791,1733217365556,7,READ,73,5537.79,3.07,1994.87,2598.91,2998.27,3655.68,5537.79,0,0,0,0,0,0,0,0
792,1733217365556,8,READ,73,5451.77,38.37,2487.13,2631.68,4980.73,5255.17,5451.77,0,0,0,0,0,0,0,0
793,1733217365556,9,READ,72,5386.24,36.48,2112.0,2600.96,3045.38,5369.85,5386.24,0,0,0,0,0,0,0,0
794,1733217365556,10,READ,73,5713.92,40.77,2090.34,2545.66,3014.66,5525.5,5713.92,0,0,0,0,0,0,0,0
795,1733217365556,11,READ,72,5685.25,39.14,2050.95,2623.49,2967.55,5500.93,5685.25,0,0,0,0,0,0,0,0
796,1733217365556,12,READ,72,5828.61,34.78,2081.94,2641.92,2983.93,5169.15,5828.61,0,0,0,0,0,0,0,0
797,1733217365556,13,READ,73,7798.78,6.11,1992.47,2553.86,2969.6,5160.96,7798.78,0,0,0,0,0,0,0,0
798,1733217365556,14,READ,1598,5484.54,0.06,923.06,430.59,2621.44,4118.53,4845.57,0,0,0,0,0,0,0,0
799,1733217365556,15,READ,1606,2877.44,0.05,391.67,269.82,934.4,2086.91,2576.38,0,0,0,0,0,0,0,0
800,1733217366068,0,READ,73,5898.24,37.92,2045.69,2519.04,3508.22,5894.14,5898.24,0,0,0,0,0,0,0,0
801,1733217366068,1,READ,73,5877.76,38.94,1894.77,2588.67,2922.49,5730.3,5877.76,0,0,0,0,0,0,0,0
802,1733217366068,2,READ,73,5795.84,72.38,3855.95,4870.14,5488.64,5754.88,5795.84,0,0,0,0,0,0,0,0
803,1733217366068,3,READ,73,5259.26,37.47,1738.47,2488.32,2904.06,5218.3,5259.26,0,0,0,0,0,0,0,0
804,1733217366068,4,READ,73,5296.13,37.47,1682.85,2484.22,2906.11,5042.18,5296.13,0,0,0,0,0,0,0,0
805,1733217366068,5,READ,73,5709.82,41.7,1837.07,2455.55,3016.7,5271.55,5709.82,0,0,0,0,0,0,0,0
806,1733217366068,6,READ,73,5320.7,36.9,1779.86,2519.04,2891.78,5165.06,5320.7,0,0,0,0,0,0,0,0
807,1733217366068,7,READ,73,5591.04,36.32,1678.89,2478.08,2912.26,5402.62,5591.04,0,0,0,0,0,0,0,0
808,1733217366068,8,READ,73,5603.33,34.18,1787.61,2482.18,2928.64,5390.34,5603.33,0,0,0,0,0,0,0,0
809,1733217366068,9,READ,73,5279.74,33.44,1816.42,2523.14,2961.41,5238.78,5279.74,0,0,0,0,0,0,0,0
810,1733217366068,10,READ,73,5246.98,42.05,1803.93,2480.13,2902.01,5246.98,5246.98,0,0,0,0,0,0,0,0
811,1733217366068,11,READ,73,8167.42,37.66,1993.46,2533.38,3033.09,7835.65,8167.42,0,0,0,0,0,0,0,0
812,1733217366068,12,READ,72,5378.05,34.3,1732.12,2480.13,2949.12,4644.86,5378.05,0,0,0,0,0,0,0,0
813,1733217366068,13,READ,72,5029.89,35.84,1711.97,2506.75,2852.86,4976.64,4976.64,0,0,0,0,0,0,0,0
814,1733217366068,14,READ,1511,5414.91,0.02,1100.41,530.43,3072.0,4632.57,5283.84,0,0,0,0,0,0,0,0
815,1733217366068,15,READ,1519,3067.9,0.01,405.75,270.85,904.7,2310.14,2631.68,0,0,0,0,0,0,0,0
816,1733217366578,0,READ,73,5746.69,37.28,1826.79,2551.81,3151.87,5570.56,5746.69,0,0,0,0,0,0,0,0
817,1733217366578,1,READ,74,5320.7,36.03,1791.41,2502.66,3219.45,5300.22,5320.7,0,0,0,0,0,0,0,0
818,1733217366578,2,READ,73,5664.77,53.28,3978.26,5005.31,5423.1,5652.48,5664.77,0,0,0,0,0,0,0,0
819,1733217366578,3,READ,73,5668.86,39.17,1858.34,2490.37,3096.57,5402.62,5668.86,0,0,0,0,0,0,0,0
820,1733217366578,4,READ,73,5537.79,38.21,1817.35,2566.14,3020.8,5423.1,5537.79,0,0,0,0,0,0,0,0
821,1733217366578,5,READ,73,7704.57,39.07,1830.16,2453.5,2965.5,5578.75,7704.57,0,0,0,0,0,0,0,0
822,1733217366578,6,READ,73,5668.86,37.82,1851.64,2545.66,3127.3,5505.02,5668.86,0,0,0,0,0,0,0,0
823,1733217366578,7,READ,73,5423.1,36.06,1736.98,2564.09,2965.5,5275.65,5423.1,0,0,0,0,0,0,0,0
824,1733217366578,8,READ,73,5537.79,36.38,1686.87,2533.38,3024.89,5488.64,5537.79,0,0,0,0,0,0,0,0
825,1733217366578,9,READ,73,5672.96,34.46,1687.5,2500.61,2996.22,5398.53,5672.96,0,0,0,0,0,0,0,0
826,1733217366578,10,READ,73,5537.79,38.24,1712.26,2521.09,2899.97,5353.47,5537.79,0,0,0,0,0,0,0,0
827,1733217366578,11,READ,73,7409.66,36.0,3245.64,2691.07,5365.76,5660.67,7409.66,0,0,0,0,0,0,0,0
828,1733217366578,12,READ,73,5787.65,34.82,1821.17,2557.95,3049.47,5459.97,5787.65,0,0,0,0,0,0,0,0
829,1733217366578,13,READ,73,5767.17,4.65,1789.63,2541.57,2977.79,5558.27,5767.17,0,0,0,0,0,0,0,0
830,1733217366578,14,READ,1782,4126.72,0.42,604.06,321.02,1753.09,2965.5,3708.93,0,0,0,0,0,0,0,0
831,1733217366578,15,READ,1779,2740.22,0.16,433.52,270.59,1068.03,2177.02,2699.26,0,0,0,0,0,0,0,0
832,1733217367088,0,READ,73,5455.87,37.95,1888.24,2592.77,3035.14,5361.66,5455.87,0,0,0,0,0,0,0,0
833,1733217367088,1,READ,73,5808.13,37.63,1744.76,2443.26,2963.45,5738.49,5808.13,0,0,0,0,0,0,0,0
834,1733217367088,2,READ,71,5722.11,42.18,4031.87,4919.3,5492.73,5709.82,5722.11,0,0,0,0,0,0,0,0
835,1733217367088,3,READ,73,5292.03,37.41,1839.72,2603.01,2977.79,5279.74,5292.03,0,0,0,0,0,0,0,0
836,1733217367088,4,READ,73,5758.98,36.99,1842.97,2570.24,2883.58,5480.45,5758.98,0,0,0,0,0,0,0,0
837,1733217367088,5,READ,73,5672.96,38.27,1746.75,2443.26,2912.26,5226.49,5672.96,0,0,0,0,0,0,0,0
838,1733217367088,6,READ,73,5570.56,36.93,1772.58,2543.61,2926.59,5541.89,5570.56,0,0,0,0,0,0,0,0
839,1733217367088,7,READ,73,5509.12,35.97,1877.74,2568.19,2977.79,5320.7,5509.12,0,0,0,0,0,0,0,0
840,1733217367088,8,READ,73,5804.03,36.13,1863.31,2545.66,2953.22,5439.49,5804.03,0,0,0,0,0,0,0,0
841,1733217367088,9,READ,73,5918.72,36.19,1876.58,2533.38,3053.57,5279.74,5918.72,0,0,0,0,0,0,0,0
842,1733217367088,10,READ,73,6569.98,37.5,1828.04,2484.22,2963.45,5369.85,6569.98,0,0,0,0,0,0,0,0
843,1733217367088,11,READ,73,5926.91,37.63,3969.87,4907.01,5451.77,5685.25,5926.91,0,0,0,0,0,0,0,0
844,1733217367088,12,READ,72,5652.48,35.58,1778.09,2543.61,2922.49,5083.14,5652.48,0,0,0,0,0,0,0,0
845,1733217367088,13,READ,73,5238.78,25.62,1782.47,2486.27,2975.74,5226.49,5238.78,0,0,0,0,0,0,0,0
846,1733217367088,14,READ,1836,3557.38,0.06,514.56,308.22,1313.79,2627.58,2985.98,0,0,0,0,0,0,0,0
847,1733217367088,15,READ,1844,3223.55,0.06,428.44,282.88,1024.51,2299.9,3112.96,0,0,0,0,0,0,0,0
848,1733217367598,0,READ,73,5742.59,42.37,2184.92,2564.09,3045.38,5427.2,5742.59,0,0,0,0,0,0,0,0
849,1733217367598,1,READ,72,6742.02,38.46,2016.47,2514.94,3028.99,5902.34,6742.02,0,0,0,0,0,0,0,0
850,1733217367598,2,READ,74,5672.96,44.93,4086.81,5083.14,5443.58,5591.04,5672.96,0,0,0,0,0,0,0,0
851,1733217367598,3,READ,73,8048.64,41.54,2121.52,2560.0,3004.41,7827.45,8048.64,0,0,0,0,0,0,0,0
852,1733217367598,4,READ,73,5771.26,35.26,2109.82,2625.53,2967.55,5361.66,5771.26,0,0,0,0,0,0,0,0
853,1733217367598,5,READ,72,5419.01,40.83,1881.83,2512.89,2871.3,5152.77,5419.01,0,0,0,0,0,0,0,0
854,1733217367598,6,READ,73,7602.18,34.5,2085.69,2564.09,3000.32,5242.88,7602.18,0,0,0,0,0,0,0,0
855,1733217367598,7,READ,73,5812.22,39.46,2095.41,2553.86,3000.32,5562.37,5812.22,0,0,0,0,0,0,0,0
856,1733217367598,8,READ,73,5410.81,37.41,1993.7,2576.38,2961.41,5390.34,5410.81,0,0,0,0,0,0,0,0
857,1733217367598,9,READ,74,7749.63,37.25,2057.8,2488.32,3055.61,5156.86,7749.63,0,0,0,0,0,0,0,0
858,1733217367598,10,READ,73,5230.59,40.35,1951.48,2510.85,2967.55,5201.92,5230.59,0,0,0,0,0,0,0,0
859,1733217367598,11,READ,73,8151.04,47.81,3992.59,4923.39,5439.49,5758.98,8151.04,0,0,0,0,0,0,0,0
860,1733217367598,12,READ,73,5488.64,37.18,1940.05,2562.05,3010.56,5042.18,5488.64,0,0,0,0,0,0,0,0
861,1733217367598,13,READ,73,5894.14,38.21,2014.63,2607.1,3082.24,5390.34,5894.14,0,0,0,0,0,0,0,0
862,1733217367598,14,READ,1808,3198.97,0.02,566.54,349.44,1530.88,2568.19,2861.05,0,0,0,0,0,0,0,0
863,1733217367598,15,READ,1801,2711.55,0.02,430.83,292.86,1041.92,2205.7,2629.63,0,0,0,0,0,0,0,0
864,1733217368108,0,READ,72,5406.72,36.93,1989.71,2617.34,3115.01,5095.42,5406.72,0,0,0,0,0,0,0,0
865,1733217368108,1,READ,73,5423.1,39.36,2033.49,2605.05,2992.13,5353.47,5423.1,0,0,0,0,0,0,0,0
866,1733217368108,2,READ,73,5640.19,42.02,4075.52,5013.5,5488.64,5632.0,5640.19,0,0,0,0,0,0,0,0
867,1733217368108,3,READ,72,5771.26,40.06,2034.22,2609.15,3012.61,5222.4,5771.26,0,0,0,0,0,0,0,0
868,1733217368108,4,READ,72,5349.38,36.7,2004.6,2619.39,2983.93,5328.9,5349.38,0,0,0,0,0,0,0,0
869,1733217368108,5,READ,72,5459.97,39.65,1998.13,2543.61,2805.76,5230.59,5459.97,0,0,0,0,0,0,0,0
870,1733217368108,6,READ,72,5369.85,37.47,2043.94,2611.2,2959.36,5275.65,5369.85,0,0,0,0,0,0,0,0
871,1733217368108,7,READ,72,5640.19,36.61,2052.08,2613.25,3012.61,4874.24,5640.19,0,0,0,0,0,0,0,0
872,1733217368108,8,READ,72,5681.15,36.32,2033.65,2592.77,2951.17,5365.76,5681.15,0,0,0,0,0,0,0,0
873,1733217368108,9,READ,72,5611.52,33.54,2053.26,2594.82,3000.32,5459.97,5611.52,0,0,0,0,0,0,0,0
874,1733217368108,10,READ,72,5533.69,39.81,1953.8,2535.42,2940.93,5373.95,5533.69,0,0,0,0,0,0,0,0
875,1733217368108,11,READ,73,8077.31,40.9,4032.41,5083.14,5472.26,5603.33,8077.31,0,0,0,0,0,0,0,0
876,1733217368108,12,READ,72,5603.33,35.55,2092.3,2617.34,3002.37,5472.26,5603.33,0,0,0,0,0,0,0,0
877,1733217368108,13,READ,72,5476.35,36.61,2157.4,2682.88,3049.47,5459.97,5476.35,0,0,0,0,0,0,0,0
878,1733217368108,14,READ,1791,3188.74,0.18,600.16,385.54,1545.21,2623.49,2998.27,0,0,0,0,0,0,0,0
879,1733217368108,15,READ,1793,2934.78,0.03,471.02,331.01,1063.93,2390.01,2793.47,0,0,0,0,0,0,0,0
880,1733217368618,0,READ,74,5898.24,39.01,2073.39,2588.67,3194.88,5591.04,5898.24,0,0,0,0,0,0,0,0
881,1733217368618,1,READ,73,5513.22,37.09,2048.24,2535.42,3039.23,5435.39,5513.22,0,0,0,0,0,0,0,0
882,1733217368618,2,READ,73,5799.94,41.41,4294.46,5087.23,5431.3,5681.15,5799.94,0,0,0,0,0,0,0,0
883,1733217368618,3,READ,74,5922.81,37.7,2169.55,2654.21,3076.09,5500.93,5922.81,0,0,0,0,0,0,0,0
884,1733217368618,4,READ,74,5509.12,36.48,2122.04,2631.68,3065.86,5480.45,5509.12,0,0,0,0,0,0,0,0
885,1733217368618,5,READ,74,5480.45,40.67,1991.83,2560.0,2883.58,5419.01,5480.45,0,0,0,0,0,0,0,0
886,1733217368618,6,READ,74,5984.26,36.13,2037.71,2594.82,3053.57,5509.12,5984.26,0,0,0,0,0,0,0,0
887,1733217368618,7,READ,74,5931.01,37.25,1962.08,2551.81,2938.88,5902.34,5931.01,0,0,0,0,0,0,0,0
888,1733217368618,8,READ,73,5484.54,36.67,1971.51,2623.49,2996.22,5369.85,5484.54,0,0,0,0,0,0,0,0
889,1733217368618,9,READ,73,5685.25,35.26,1960.05,2617.34,2932.74,5476.35,5685.25,0,0,0,0,0,0,0,0
890,1733217368618,10,READ,74,5595.14,38.11,2009.18,2549.76,3069.95,5423.1,5595.14,0,0,0,0,0,0,0,0
891,1733217368618,11,READ,73,5967.87,41.54,3924.28,5062.65,5443.58,5640.19,5967.87,0,0,0,0,0,0,0,0
892,1733217368618,12,READ,73,5550.08,36.03,1947.28,2641.92,3022.85,4837.38,5550.08,0,0,0,0,0,0,0,0
893,1733217368618,13,READ,73,5509.12,38.78,1859.48,2525.18,2998.27,5500.93,5509.12,0,0,0,0,0,0,0,0
894,1733217368618,14,READ,1845,3153.92,0.31,582.14,373.76,1567.74,2676.74,2967.55,0,0,0,0,0,0,0,0
895,1733217368618,15,READ,1845,2885.63,0.06,470.51,304.38,1122.3,2347.01,2801.66,0,0,0,0,0,0,0,0
896,1733217369128,0,READ,72,5718.02,40.54,2148.51,2658.3,3000.32,5423.1,5718.02,0,0,0,0,0,0,0,0
897,1733217369128,1,READ,74,5660.67,40.64,2128.22,2562.05,3012.61,5603.33,5660.67,0,0,0,0,0,0,0,0
898,1733217369128,2,READ,73,5849.09,55.9,4397.07,5132.29,5472.26,5656.57,5849.09,0,0,0,0,0,0,0,0
899,1733217369128,3,READ,72,5378.05,40.16,2074.48,2652.16,2891.78,5361.66,5378.05,0,0,0,0,0,0,0,0
900,1733217369128,4,READ,72,5279.74,38.4,2113.7,2652.16,2963.45,5165.06,5279.74,0,0,0,0,0,0,0,0
901,1733217369128,5,READ,72,5361.66,39.84,2066.74,2576.38,2861.05,5341.18,5361.66,0,0,0,0,0,0,0,0
902,1733217369128,6,READ,73,5103.61,39.26,2025.08,2605.05,2985.98,4898.81,5103.61,0,0,0,0,0,0,0,0
903,1733217369128,7,READ,73,5386.24,37.79,2128.12,2639.87,2863.1,5271.55,5386.24,0,0,0,0,0,0,0,0
904,1733217369128,8,READ,73,5152.77,39.49,2110.72,2674.69,2897.92,5046.27,5152.77,0,0,0,0,0,0,0,0
905,1733217369128,9,READ,73,5529.6,38.27,2031.76,2555.9,2938.88,5251.07,5529.6,0,0,0,0,0,0,0,0
906,1733217369128,10,READ,72,5656.57,38.85,2129.9,2609.15,2947.07,5427.2,5656.57,0,0,0,0,0,0,0,0
907,1733217369128,11,READ,73,6057.98,0.42,4272.62,5124.1,5492.73,5931.01,6057.98,0,0,0,0,0,0,0,0
908,1733217369128,12,READ,73,5722.11,37.06,2007.97,2574.34,2904.06,5214.21,5722.11,0,0,0,0,0,0,0,0
909,1733217369128,13,READ,73,5455.87,35.94,2053.59,2652.16,2994.18,5222.4,5455.87,0,0,0,0,0,0,0,0
910,1733217369128,14,READ,1809,3483.65,0.14,600.45,348.93,1647.62,2617.34,3043.33,0,0,0,0,0,0,0,0
911,1733217369128,15,READ,1805,2899.97,0.18,488.12,313.86,1212.41,2406.4,2768.89,0,0,0,0,0,0,0,0
912,1733217369638,0,READ,73,7798.78,41.31,1947.13,2521.09,3078.14,5840.9,7798.78,0,0,0,0,0,0,0,0
913,1733217369638,1,READ,72,5677.06,38.82,2061.29,2598.91,5210.11,5541.89,5677.06,0,0,0,0,0,0,0,0
914,1733217369638,2,READ,73,7696.38,43.78,3983.03,5017.6,5509.12,5980.16,7696.38,0,0,0,0,0,0,0,0
915,1733217369638,3,READ,74,5648.38,40.1,2069.92,2539.52,5201.92,5627.9,5648.38,0,0,0,0,0,0,0,0
916,1733217369638,4,READ,73,6127.61,37.06,2048.15,2519.04,5128.19,6029.31,6127.61,0,0,0,0,0,0,0,0
917,1733217369638,5,READ,74,5345.28,39.2,2018.14,2543.61,5038.08,5312.51,5345.28,0,0,0,0,0,0,0,0
918,1733217369638,6,READ,74,7876.61,36.06,2060.47,2539.52,4911.1,5763.07,7876.61,0,0,0,0,0,0,0,0
919,1733217369638,7,READ,73,6078.46,39.62,1898.71,2562.05,2959.36,5414.91,6078.46,0,0,0,0,0,0,0,0
920,1733217369638,8,READ,74,6062.08,35.1,1841.59,2516.99,2990.08,5427.2,6062.08,0,0,0,0,0,0,0,0
921,1733217369638,9,READ,74,5181.44,35.01,1704.44,2510.85,2949.12,5091.33,5181.44,0,0,0,0,0,0,0,0
922,1733217369638,10,READ,75,5451.77,40.74,2136.37,2607.1,5079.04,5443.58,5451.77,0,0,0,0,0,0,0,0
923,1733217369638,11,READ,74,8122.37,40.8,3573.65,3006.46,5545.98,5828.61,8122.37,0,0,0,0,0,0,0,0
924,1733217369638,12,READ,74,5361.66,32.38,1769.02,2566.14,3024.89,5304.32,5361.66,0,0,0,0,0,0,0,0
925,1733217369638,13,READ,74,5419.01,35.71,1791.02,2545.66,2928.64,5402.62,5419.01,0,0,0,0,0,0,0,0
926,1733217369638,14,READ,1577,4192.26,0.1,707.76,414.46,1923.07,2877.44,3971.07,0,0,0,0,0,0,0,0
927,1733217369638,15,READ,1576,4407.3,0.05,582.55,329.98,1490.94,2992.13,4124.67,0,0,0,0,0,0,0,0
928,1733217370163,0,READ,75,6033.41,38.62,1937.17,2566.14,2961.41,5898.24,6033.41,0,0,0,0,0,0,0,0
929,1733217370163,1,READ,75,5713.92,38.88,1945.16,2570.24,3211.26,5709.82,5713.92,0,0,0,0,0,0,0,0
930,1733217370163,2,READ,75,7696.38,0.67,3714.57,4550.65,5357.57,5591.04,7696.38,0,0,0,0,0,0,0,0
931,1733217370163,3,READ,74,5677.06,37.92,1736.23,2473.98,3012.61,5414.91,5677.06,0,0,0,0,0,0,0,0
932,1733217370163,4,READ,74,5607.42,34.94,1766.72,2484.22,3039.23,5537.79,5607.42,0,0,0,0,0,0,0,0
933,1733217370163,5,READ,74,5656.57,37.76,1813.5,2580.48,2996.22,5148.67,5656.57,0,0,0,0,0,0,0,0
934,1733217370163,6,READ,74,5365.76,37.12,1768.28,2576.38,3039.23,5128.19,5365.76,0,0,0,0,0,0,0,0
935,1733217370163,7,READ,75,5500.93,37.12,1794.14,2531.33,2969.6,5435.39,5500.93,0,0,0,0,0,0,0,0
936,1733217370163,8,READ,74,5849.09,34.94,1748.27,2529.28,2928.64,5349.38,5849.09,0,0,0,0,0,0,0,0
937,1733217370163,9,READ,74,5316.61,37.47,1716.09,2521.09,2938.88,5091.33,5316.61,0,0,0,0,0,0,0,0
938,1733217370163,10,READ,73,8163.33,38.56,1832.37,2519.04,3076.09,5849.09,8163.33,0,0,0,0,0,0,0,0
939,1733217370163,11,READ,74,5611.52,56.26,3287.08,2613.25,5455.87,5607.42,5611.52,0,0,0,0,0,0,0,0
940,1733217370163,12,READ,74,6209.53,35.81,1695.44,2570.24,2994.18,4939.77,6209.53,0,0,0,0,0,0,0,0
941,1733217370163,13,READ,73,5865.47,34.91,1623.49,2459.65,2863.1,3354.62,5865.47,0,0,0,0,0,0,0,0
942,1733217370163,14,READ,1505,5103.61,0.01,713.71,443.9,1853.44,2928.64,4255.74,0,0,0,0,0,0,0,0
943,1733217370163,15,READ,1506,3840.0,0.11,593.12,357.38,1568.77,2828.29,3502.08,0,0,0,0,0,0,0,0
944,1733217370673,0,READ,73,5787.65,37.38,2234.52,2627.58,5283.84,5660.67,5787.65,0,0,0,0,0,0,0,0
945,1733217370673,1,READ,73,5836.8,40.13,2238.75,2555.9,5070.85,5820.41,5836.8,0,0,0,0,0,0,0,0
946,1733217370673,2,READ,74,7987.2,46.94,3992.1,5136.38,5464.06,5980.16,7987.2,0,0,0,0,0,0,0,0
947,1733217370673,3,READ,74,5894.14,41.5,2057.23,2553.86,4923.39,5709.82,5894.14,0,0,0,0,0,0,0,0
948,1733217370673,4,READ,73,5537.79,6.45,2049.93,2633.73,3047.42,5533.69,5537.79,0,0,0,0,0,0,0,0
949,1733217370673,5,READ,74,5574.65,40.7,2193.49,2646.01,5251.07,5529.6,5574.65,0,0,0,0,0,0,0,0
950,1733217370673,6,READ,73,7839.74,37.63,2097.1,2574.34,4853.76,5804.03,7839.74,0,0,0,0,0,0,0,0
951,1733217370673,7,READ,73,7565.31,37.28,2141.82,2596.86,5160.96,6164.48,7565.31,0,0,0,0,0,0,0,0
952,1733217370673,8,READ,74,5758.98,36.9,1929.75,2615.3,3106.82,5619.71,5758.98,0,0,0,0,0,0,0,0
953,1733217370673,9,READ,74,5537.79,36.26,1866.65,2580.48,3028.99,5488.64,5537.79,0,0,0,0,0,0,0,0
954,1733217370673,10,READ,74,5861.38,42.37,2237.33,2580.48,5271.55,5697.53,5861.38,0,0,0,0,0,0,0,0
955,1733217370673,11,READ,73,8351.74,27.5,3219.2,2674.69,5443.58,6111.23,8351.74,0,0,0,0,0,0,0,0
956,1733217370673,12,READ,74,5554.18,38.21,2115.99,2680.83,3131.39,5513.22,5554.18,0,0,0,0,0,0,0,0
957,1733217370673,13,READ,74,5517.31,35.42,1861.22,2525.18,3018.75,5320.7,5517.31,0,0,0,0,0,0,0,0
958,1733217370673,14,READ,1431,4526.08,0.04,835.27,519.42,2134.01,2883.58,4435.97,0,0,0,0,0,0,0,0
959,1733217370673,15,READ,1428,5148.67,0.13,822.62,450.81,2246.66,3950.59,4829.18,0,0,0,0,0,0,0,0
960,1733217371185,0,READ,73,5824.51,39.3,1719.98,2492.41,2955.26,5771.26,5824.51,0,0,0,0,0,0,0,0
961,1733217371185,1,READ,74,5586.94,37.41,1706.16,2473.98,2926.59,5480.45,5586.94,0,0,0,0,0,0,0,0
962,1733217371185,2,READ,73,8323.07,55.36,3883.25,4775.94,5537.79,7655.42,8323.07,0,0,0,0,0,0,0,0
963,1733217371185,3,READ,73,7761.92,38.85,1826.55,2533.38,3074.05,7442.43,7761.92,0,0,0,0,0,0,0,0
964,1733217371185,4,READ,73,5849.09,36.77,1663.89,2486.27,2953.22,5640.19,5849.09,0,0,0,0,0,0,0,0
965,1733217371185,5,READ,73,5742.59,39.94,1564.17,2398.21,2940.93,5246.98,5742.59,0,0,0,0,0,0,0,0
966,1733217371185,6,READ,73,5660.67,37.44,1609.23,2465.79,2940.93,5361.66,5660.67,0,0,0,0,0,0,0,0
967,1733217371185,7,READ,73,6131.71,35.9,1662.2,2537.47,2996.22,5427.2,6131.71,0,0,0,0,0,0,0,0
968,1733217371185,8,READ,72,5492.73,35.55,1640.22,2504.7,2969.6,4902.91,5492.73,0,0,0,0,0,0,0,0
969,1733217371185,9,READ,73,5529.6,32.9,1447.4,2117.63,2856.96,3010.56,5529.6,0,0,0,0,0,0,0,0
970,1733217371185,10,READ,73,6041.6,40.1,1580.49,2463.74,2859.01,5574.65,6041.6,0,0,0,0,0,0,0,0
971,1733217371185,11,READ,72,5705.73,48.7,3078.11,2603.01,5349.38,5603.33,5705.73,0,0,0,0,0,0,0,0
972,1733217371185,12,READ,73,5419.01,35.2,1496.27,2277.38,2922.49,3139.58,5419.01,0,0,0,0,0,0,0,0
973,1733217371185,13,READ,73,5545.98,29.7,1568.8,2457.6,2840.57,5349.38,5545.98,0,0,0,0,0,0,0,0
974,1733217371185,14,READ,1518,5136.38,0.48,740.3,421.12,2015.23,2754.56,4231.17,0,0,0,0,0,0,0,0
975,1733217371185,15,READ,1522,4890.62,0.46,680.86,353.54,1819.65,3717.12,4759.55,0,0,0,0,0,0,0,0
976,1733217371695,0,READ,73,6000.64,37.89,1819.39,2539.52,2906.11,5558.27,6000.64,0,0,0,0,0,0,0,0
977,1733217371695,1,READ,72,5419.01,41.38,1889.05,2576.38,2885.63,5419.01,5419.01,0,0,0,0,0,0,0,0
978,1733217371695,2,READ,73,7495.68,47.26,3933.58,4853.76,5341.18,5492.73,7495.68,0,0,0,0,0,0,0,0
979,1733217371695,3,READ,73,5632.0,37.15,1798.31,2502.66,2961.41,5615.61,5632.0,0,0,0,0,0,0,0,0
980,1733217371695,4,READ,73,5726.21,36.7,1776.89,2451.45,2899.97,5361.66,5726.21,0,0,0,0,0,0,0,0
981,1733217371695,5,READ,73,5476.35,38.3,1848.11,2465.79,2965.5,5222.4,5476.35,0,0,0,0,0,0,0,0
982,1733217371695,6,READ,73,7671.81,38.27,2066.88,2594.82,3540.99,6664.19,7671.81,0,0,0,0,0,0,0,0
983,1733217371695,7,READ,73,5853.18,36.29,1840.29,2471.93,2957.31,5324.8,5853.18,0,0,0,0,0,0,0,0
984,1733217371695,8,READ,73,8085.5,37.44,1955.47,2551.81,3022.85,5677.06,8085.5,0,0,0,0,0,0,0,0
985,1733217371695,9,READ,72,7667.71,34.69,2008.6,2545.66,3137.53,5570.56,7667.71,0,0,0,0,0,0,0,0
986,1733217371695,10,READ,73,5865.47,41.09,1838.59,2414.59,2795.52,5484.54,5865.47,0,0,0,0,0,0,0,0
987,1733217371695,11,READ,73,5591.04,41.92,3764.34,4898.81,5378.05,5574.65,5591.04,0,0,0,0,0,0,0,0
988,1733217371695,12,READ,73,5591.04,36.22,1887.9,2547.71,2969.6,5419.01,5591.04,0,0,0,0,0,0,0,0
989,1733217371695,13,READ,73,5472.26,36.58,1875.35,2541.57,2885.63,5382.14,5472.26,0,0,0,0,0,0,0,0
990,1733217371695,14,READ,1806,4513.79,0.18,497.15,282.62,1391.62,2549.76,3006.46,0,0,0,0,0,0,0,0
991,1733217371695,15,READ,1804,2889.73,0.14,420.39,246.27,1053.69,2424.83,2656.26,0,0,0,0,0,0,0,0
