,timestamp,client_id,op_type,count,max,min,avg,50p,90p,99p,99.9p,cache_usage,cache_capacity
0,1732572823033,0,READ,79,3170.3,957.44,1394.16,1089.54,2912.26,3147.78,3170.3,882312,10485760
1,1732572823033,1,READ,81,3123.2,908.29,1356.59,1071.1,2906.11,3121.15,3123.2,899576,10485760
2,1732572823033,2,READ,896,531.46,0.03,227.91,166.14,486.65,505.09,514.05,7844752,10485760
3,1732572823033,3,READ,897,518.65,0.16,239.11,148.74,489.47,510.21,518.14,7844960,10485760
4,1732572823535,0,READ,89,3387.39,34.18,1352.31,1068.03,3020.8,3385.34,3387.39,1859728,10052829
5,1732572823535,1,READ,89,3336.19,34.85,1329.99,1062.91,2897.92,3108.86,3336.19,1876928,10052480
6,1732572823535,2,READ,1002,516.1,0.14,211.55,121.53,485.89,505.86,514.82,10378904,10506326
7,1732572823535,3,READ,1003,551.42,0.09,214.23,95.68,484.1,509.44,521.98,11200688,11332653
8,1732572824036,0,READ,90,3172.35,35.62,1113.84,1055.74,2971.65,3119.1,3172.35,2655376,9471804
9,1732572824036,1,READ,90,3037.18,34.82,1061.75,1022.46,2871.3,3024.89,3037.18,2663928,9471597
10,1732572824036,2,READ,1001,526.85,0.02,192.21,93.12,484.86,509.69,521.47,11001592,11106883
11,1732572824036,3,READ,999,546.3,0.04,183.52,74.43,483.58,512.77,536.58,11762808,11892220
12,1732572824539,0,READ,90,3287.04,35.49,964.15,1050.62,1320.96,3215.36,3287.04,3329968,8881528
13,1732572824539,1,READ,90,2957.31,32.66,933.24,1051.65,1277.95,2932.74,2957.31,3329872,8881309
14,1732572824539,2,READ,1006,518.14,0.04,162.11,70.21,482.3,507.13,517.63,11624264,11736261
15,1732572824539,3,READ,1004,541.18,0.34,171.57,70.72,479.49,508.67,522.24,12316280,12444363
16,1732572825041,0,READ,90,3418.11,34.53,834.14,980.99,1982.46,3375.1,3418.11,3918096,8315340
17,1732572825041,1,READ,90,3424.26,34.88,870.04,1018.88,1974.27,3158.01,3424.26,3943944,8314657
18,1732572825041,2,READ,1007,532.99,0.05,183.69,81.15,484.1,507.9,522.75,11900952,12034194
19,1732572825041,3,READ,1009,544.77,0.21,180.89,67.52,488.19,508.67,530.43,13146472,13280612
20,1732572825546,0,READ,90,3532.8,34.5,787.63,1002.5,1314.82,3160.06,3532.8,4454304,7761812
21,1732572825546,1,READ,91,3231.74,31.22,767.8,1008.13,1363.97,3219.45,3231.74,4462872,7761572
22,1732572825546,2,READ,1006,534.53,0.33,161.92,68.54,477.69,504.83,520.45,12731160,12863989
23,1732572825546,3,READ,1003,535.55,0.16,177.11,62.78,484.1,509.69,523.01,13423208,13556654
24,1732572826048,0,READ,90,3082.24,36.03,715.59,1018.37,1367.04,3047.42,3082.24,4921312,7203288
25,1732572826048,1,READ,89,3033.09,36.74,702.14,1002.5,1248.26,2994.18,3033.09,4938576,7203255
26,1732572826048,2,READ,1003,517.12,0.07,136.58,67.84,451.07,504.32,514.3,13007848,13145671
27,1732572826048,3,READ,1003,516.86,0.01,128.52,60.51,464.89,502.01,516.35,14253368,14390943
28,1732572826550,0,READ,90,3287.04,34.91,709.7,65.79,1359.87,3231.74,3287.04,5362360,6668555
29,1732572826550,1,READ,90,3377.15,32.75,667.62,61.82,1250.3,3256.32,3377.15,5371008,6663770
30,1732572826550,2,READ,1004,542.72,0.56,140.01,68.16,467.45,510.98,526.34,13838056,13957472
31,1732572826550,3,READ,1003,540.16,1.12,136.86,63.13,473.34,513.79,534.53,14530040,14655775
32,1732572827051,0,READ,90,3248.13,34.53,760.6,999.93,1406.97,3225.6,3248.13,5682304,6219387
33,1732572827051,1,READ,90,3123.2,34.75,781.81,993.79,1390.59,3065.86,3123.2,5604488,6276555
34,1732572827051,2,READ,1003,546.3,0.48,153.84,70.33,475.39,515.84,536.58,13976312,14106115
35,1732572827051,3,READ,1004,524.8,0.3,150.21,65.98,477.18,508.67,523.52,15213200,15341971
36,1732572827553,0,READ,90,3221.5,32.32,712.4,62.46,2963.45,3108.86,3221.5,5699600,6058178
37,1732572827553,1,READ,90,3149.82,35.04,742.25,68.73,2226.18,3100.67,3149.82,5786096,6136758
38,1732572827553,2,READ,1004,530.94,0.11,158.39,61.7,481.28,519.93,529.41,14114632,14250872
39,1732572827553,3,READ,1001,536.58,0.38,153.19,58.72,482.56,513.02,531.97,15360088,15497474
40,1732572828055,0,READ,90,3112.96,32.86,599.51,62.66,1287.17,3112.96,3112.96,5760136,5999982
41,1732572828055,1,READ,90,3403.78,34.56,596.72,63.49,1262.59,3026.94,3403.78,5812040,6039653
42,1732572828055,2,READ,1006,536.06,0.54,153.38,62.85,476.93,517.63,534.01,14339464,14423989
43,1732572828055,3,READ,1009,536.58,0.36,154.91,62.91,478.21,513.28,528.89,15360056,15490126
44,1732572828561,0,READ,90,3137.53,35.23,606.21,56.9,1362.94,3127.3,3137.53,5552536,5720796
45,1732572828561,1,READ,90,3463.17,33.76,530.69,57.6,1271.81,3072.0,3463.17,5630416,5808462
46,1732572828561,2,READ,1006,537.6,0.23,140.32,61.92,472.32,509.95,534.01,14529688,14656306
47,1732572828561,3,READ,1006,528.38,0.18,142.54,58.88,476.93,512.51,525.31,15636776,15758972
48,1732572829062,0,READ,90,3538.94,34.43,747.37,63.45,2994.18,3319.81,3538.94,5431432,5627387
49,1732572829062,1,READ,90,5091.33,32.5,759.45,60.83,2022.4,3497.98,5091.33,5665008,5744442
50,1732572829062,2,READ,1006,546.82,0.35,138.47,64.96,467.45,512.25,541.7,14667992,14801698
51,1732572829062,3,READ,1004,523.26,0.3,135.01,57.05,474.88,507.39,519.93,15636760,15769726
52,1732572829564,0,READ,90,3129.34,33.89,600.84,56.83,1259.52,3125.25,3129.34,5319008,5475444
53,1732572829564,1,READ,89,3176.45,34.05,635.82,59.77,1301.5,3096.57,3176.45,5535288,5616539
54,1732572829564,2,READ,1002,527.36,0.04,140.9,64.09,473.86,510.72,527.36,14667928,14801613
55,1732572829564,3,READ,1001,550.4,0.21,136.47,61.63,471.81,514.56,532.99,15913432,16047977
56,1732572830066,0,READ,90,3137.53,33.7,798.17,1007.1,1406.97,3106.82,3137.53,5318992,5482716
57,1732572830066,1,READ,91,3813.38,32.72,830.81,1018.88,1428.48,3127.3,3813.38,5535288,5611211
58,1732572830066,2,READ,1003,546.82,0.15,140.11,65.41,468.22,515.07,536.58,14667912,14802839
59,1732572830066,3,READ,1005,541.18,0.98,130.58,57.98,471.81,507.9,534.53,15913384,16046735
60,1732572830568,0,READ,90,3381.25,32.77,600.19,62.34,1336.32,3209.22,3381.25,5318992,5413511
61,1732572830568,1,READ,89,3145.73,32.26,591.06,56.83,1305.6,3119.1,3145.73,5535288,5542568
62,1732572830568,2,READ,1003,543.74,0.07,131.87,60.26,463.62,514.05,536.58,14667896,14800098
63,1732572830568,3,READ,1001,520.45,0.38,134.15,59.62,469.25,512.25,519.68,16051736,16187414
64,1732572831070,0,READ,89,3274.75,34.18,625.15,67.9,1231.87,3049.47,3274.75,5197904,5311311
65,1732572831070,1,READ,90,2947.07,35.68,596.05,58.66,1305.6,2930.69,2947.07,5258488,5367938
66,1732572831070,2,READ,1005,524.8,0.02,122.96,58.27,407.3,507.9,520.7,14944632,15078208
67,1732572831070,3,READ,1004,538.62,0.09,124.85,55.1,464.13,509.95,526.85,16051736,16185940
68,1732572831572,0,READ,90,3166.21,35.9,539.89,63.39,1224.7,3123.2,3166.21,5076832,5242880
69,1732572831572,1,READ,90,3178.49,34.4,484.66,62.05,1149.95,2908.16,3178.49,5120120,5242880
70,1732572831572,2,READ,1004,532.48,0.18,128.14,63.52,440.57,512.0,524.8,15083016,15169759
71,1732572831572,3,READ,1003,545.79,0.34,128.93,63.17,462.08,508.16,524.8,16190120,16286669
72,1732572832074,0,READ,90,3184.64,36.03,682.86,74.69,1364.99,3028.99,3184.64,5085480,5242880
73,1732572832074,1,READ,90,3211.26,36.7,708.1,92.99,1308.67,3010.56,3211.26,5120120,5242880
74,1732572832074,2,READ,1004,540.16,0.56,131.15,59.33,469.5,514.82,531.97,15083000,15181423
75,1732572832074,3,READ,1004,541.7,0.24,128.89,58.27,468.22,510.21,527.87,16190056,16276840
76,1732572832576,0,READ,90,3276.8,33.63,758.28,1007.1,1331.2,3219.45,3276.8,5085464,5242880
77,1732572832576,1,READ,90,3168.26,33.5,724.03,991.74,1356.8,3104.77,3168.26,5120120,5242880
78,1732572832576,2,READ,1003,540.16,0.26,154.05,61.05,483.07,503.81,537.6,15082904,15178519
79,1732572832576,3,READ,1001,534.53,0.04,128.94,52.99,472.32,504.83,524.03,16198688,16282161
80,1732572833078,0,READ,90,3543.04,34.66,685.27,984.58,1311.74,3207.17,3543.04,5085480,5242880
81,1732572833078,1,READ,90,2981.89,35.52,602.76,61.98,1260.54,2977.79,2981.89,5120120,5242880
82,1732572833078,2,READ,1005,521.98,0.07,158.11,57.22,484.1,505.34,515.07,15082904,15172228
83,1732572833078,3,READ,1009,524.8,0.06,151.16,55.65,480.0,506.88,522.24,16190008,16287126
84,1732572833584,0,READ,90,3123.2,32.99,602.23,56.83,1267.71,3076.09,3123.2,5085480,5242880
85,1732572833584,1,READ,90,3563.52,34.91,613.28,58.49,1246.21,3209.22,3563.52,5120120,5242880
86,1732572833584,2,READ,1006,514.05,0.12,173.83,70.27,483.84,505.86,512.77,15082872,15176229
87,1732572833584,3,READ,1004,548.86,0.78,171.57,63.94,484.35,510.98,537.6,16189976,16281389
88,1732572834086,0,READ,90,3115.01,30.0,747.29,986.62,1317.89,3092.48,3115.01,5094112,5242880
89,1732572834086,1,READ,90,3084.29,32.51,706.8,983.55,1286.14,3024.89,3084.29,5120120,5242880
90,1732572834086,2,READ,1004,518.4,0.05,198.99,78.91,483.84,506.11,517.89,15082872,15176746
91,1732572834086,3,READ,1004,519.68,0.14,196.73,62.43,483.58,506.88,517.63,16189960,16283509
92,1732572834589,0,READ,90,3291.14,33.57,601.05,50.37,1334.27,3110.91,3291.14,5094112,5242880
93,1732572834589,1,READ,90,3184.64,34.94,593.07,55.74,1243.13,3094.53,3184.64,5120120,5242880
94,1732572834589,2,READ,1004,520.96,0.06,215.32,95.23,488.7,508.93,516.86,15082856,15176286
95,1732572834589,3,READ,1000,559.62,0.0,200.47,65.66,484.1,509.95,515.58,16189912,16283928
96,1732572835091,0,READ,90,3225.6,34.3,758.5,978.43,1435.65,3131.39,3225.6,5094112,5242880
97,1732572835091,1,READ,90,3018.75,34.08,687.87,59.55,1987.58,3018.75,3018.75,5120120,5242880
98,1732572835091,2,READ,1004,516.61,0.06,186.44,58.78,486.91,507.13,516.61,15082824,15162004
99,1732572835091,3,READ,1001,538.11,0.02,189.64,57.73,488.45,509.69,532.48,16189880,16295276
100,1732572835593,0,READ,90,3414.01,31.97,839.38,1000.96,2085.89,3250.18,3414.01,5094112,5242880
101,1732572835593,1,READ,89,3274.75,32.62,793.28,969.22,2059.26,3239.93,3274.75,5120120,5242880
102,1732572835593,2,READ,1003,537.09,0.11,202.3,72.58,483.33,505.6,519.17,15082792,15176357
103,1732572835593,3,READ,1005,521.47,0.0,190.22,59.68,483.33,502.78,518.14,16189880,16280748
104,1732572836095,0,READ,90,3076.09,33.89,649.18,72.89,1277.95,2971.65,3076.09,5094112,5242880
105,1732572836095,1,READ,90,2926.59,30.3,641.09,68.67,1245.18,2916.35,2926.59,5120104,5243844
106,1732572836095,2,READ,1003,523.01,0.02,213.42,87.17,489.47,511.23,518.14,15082776,15173019
107,1732572836095,3,READ,1004,528.89,0.04,216.11,70.33,487.17,508.67,527.36,16189848,16284261
108,1732572836597,0,READ,89,3125.25,35.46,700.72,986.11,1317.89,3067.9,3125.25,5094112,5242880
109,1732572836597,1,READ,90,3158.01,34.59,674.67,75.65,1295.36,3037.18,3158.01,5120104,5242880
110,1732572836597,2,READ,1003,524.03,0.35,188.83,70.53,486.65,510.98,520.96,15082776,15177434
111,1732572836597,3,READ,1000,987.65,0.06,212.27,83.01,483.07,511.49,525.82,16189800,16279655
112,1732572837098,0,READ,90,3047.42,33.79,617.04,61.09,1102.85,2934.78,3047.42,5094112,5242880
113,1732572837098,1,READ,90,3407.87,34.43,720.41,987.65,1233.92,2951.17,3407.87,5120104,5242880
114,1732572837098,2,READ,1002,535.04,0.04,216.75,85.25,484.1,510.72,516.86,15082760,15188434
115,1732572837098,3,READ,1004,528.38,0.13,222.5,87.61,488.7,509.44,524.29,16189768,16266779
116,1732572837600,0,READ,90,3166.21,30.91,608.91,79.61,1212.41,2019.33,3166.21,5094112,5242880
117,1732572837600,1,READ,90,3510.27,33.92,499.44,51.52,1117.18,2906.11,3510.27,5120104,5242880
118,1732572837600,2,READ,1004,511.23,0.18,172.48,72.13,484.86,506.88,510.72,15082728,15175486
119,1732572837600,3,READ,1002,534.01,0.06,180.7,60.19,486.65,510.72,527.87,16189736,16281655
120,1732572838102,0,READ,90,3098.62,33.22,710.12,993.28,1282.05,3092.48,3098.62,5102760,5242880
121,1732572838102,1,READ,90,2959.36,35.23,734.64,1014.27,1263.62,2945.02,2959.36,5120104,5242880
122,1732572838102,2,READ,1004,518.91,0.02,161.57,59.9,478.72,506.62,514.56,15082648,15174382
123,1732572838102,3,READ,1005,532.48,0.17,176.1,58.94,485.38,509.44,522.5,16189736,16282655
124,1732572838604,0,READ,90,3143.68,33.98,661.94,981.5,1319.93,3090.43,3143.68,5102760,5242880
125,1732572838604,1,READ,90,3008.51,33.54,603.23,80.06,1245.18,2070.53,3008.51,5120104,5242880
126,1732572838604,2,READ,1003,547.84,0.21,177.88,63.58,486.14,509.69,538.62,15082616,15180236
127,1732572838604,3,READ,1002,531.97,0.1,166.25,61.05,482.56,512.77,525.82,16189704,16277510
128,1732572839106,0,READ,90,2975.74,37.66,639.93,968.7,1253.38,2949.12,2975.74,5102760,5242880
129,1732572839106,1,READ,90,3463.17,34.18,683.16,1028.1,1102.85,2910.21,3463.17,5120104,5242880
130,1732572839106,2,READ,1001,524.8,0.16,216.56,97.98,488.96,509.44,524.8,15082616,15175007
131,1732572839106,3,READ,1003,566.27,0.02,180.05,57.7,483.07,507.39,527.87,16189672,16282431
132,1732572839608,0,READ,89,3135.49,32.93,619.07,63.52,1296.38,3096.57,3135.49,5102760,5242880
133,1732572839608,1,READ,90,3315.71,31.89,537.43,52.96,1202.17,3051.52,3315.71,5120104,5242880
134,1732572839608,2,READ,1004,529.41,0.08,190.09,69.06,488.45,510.46,517.38,15082600,15163675
135,1732572839608,3,READ,1001,524.29,0.14,177.37,61.85,485.38,511.49,522.5,16189624,16297717
136,1732572840110,0,READ,90,3674.11,30.86,703.9,59.9,1364.99,3151.87,3674.11,5102760,5242880
137,1732572840110,1,READ,89,3264.51,35.52,643.7,59.33,1351.68,3244.03,3264.51,5120072,5242880
138,1732572840110,2,READ,1001,516.35,0.04,153.1,56.64,481.79,503.81,510.98,15082584,15167016
139,1732572840110,3,READ,1003,529.92,0.45,171.87,57.41,485.12,506.11,522.24,16189624,16286906
140,1732572840612,0,READ,90,3350.53,34.4,683.22,57.73,1439.74,3260.41,3350.53,5111392,5242880
141,1732572840612,1,READ,90,2994.18,34.34,708.33,1022.98,1256.45,2949.12,2994.18,5120056,5242880
142,1732572840612,2,READ,1002,525.31,0.1,181.52,67.01,487.17,505.6,520.45,15082552,15171175
143,1732572840612,3,READ,1001,829.95,0.06,175.33,64.45,483.84,507.39,794.62,16189624,16283007
144,1732572841113,0,READ,90,3153.92,35.23,707.18,62.72,1332.22,3045.38,3153.92,5111392,5242880
145,1732572841113,1,READ,90,3006.46,34.27,673.57,1003.01,1218.56,2977.79,3006.46,5120056,5242880
146,1732572841113,2,READ,1009,527.87,0.05,187.33,71.49,486.4,511.23,521.73,15082536,15174287
147,1732572841113,3,READ,1008,1026.05,0.04,173.23,59.26,481.79,512.51,976.89,16189592,16282571
148,1732572841619,0,READ,91,3801.09,34.62,713.73,62.56,1331.2,3315.71,3801.09,5111392,5242880
149,1732572841619,1,READ,90,3098.62,30.66,679.29,985.09,1251.33,3049.47,3098.62,5120040,5242880
150,1732572841619,2,READ,1007,565.25,1.13,173.97,62.34,485.89,513.53,530.43,15082536,15182098
151,1732572841619,3,READ,1006,523.01,0.46,170.36,55.81,483.33,507.13,518.91,16189592,16278536
152,1732572842122,0,READ,90,3268.61,33.6,701.83,60.16,1366.02,3096.57,3268.61,5111392,5242880
153,1732572842122,1,READ,90,3135.49,33.44,650.44,64.16,1331.2,2975.74,3135.49,5120040,5242880
154,1732572842122,2,READ,1002,530.43,0.13,183.32,70.02,485.12,512.77,525.82,15082536,15176183
155,1732572842122,3,READ,1003,517.63,0.38,177.31,60.51,485.38,508.42,516.35,16189576,16281041
156,1732572842623,0,READ,89,3162.11,35.04,687.88,998.91,1296.38,3100.67,3162.11,5111392,5242880
157,1732572842623,1,READ,90,3006.46,35.36,678.41,989.7,1307.65,2875.39,3006.46,5120040,5242880
158,1732572842623,2,READ,1003,537.09,0.2,164.75,65.5,483.07,505.86,523.01,15082536,15171677
159,1732572842623,3,READ,1000,519.42,0.48,173.61,61.22,483.58,505.09,515.33,16189576,16285037
160,1732572843125,0,READ,90,3084.29,31.28,713.38,996.35,1338.37,3024.89,3084.29,5111392,5242880
161,1732572843125,1,READ,90,3459.07,34.46,659.34,55.04,1298.43,3305.47,3459.07,5120040,5242880
162,1732572843125,2,READ,1004,529.41,0.11,166.56,60.0,481.54,501.76,519.68,15082552,15172129
163,1732572843125,3,READ,1003,518.14,0.05,177.2,55.39,484.61,508.16,517.63,16189576,16282113
164,1732572843627,0,READ,90,3307.52,33.82,692.01,59.39,1311.74,3244.03,3307.52,5111392,5242880
165,1732572843627,1,READ,90,2969.6,34.56,634.59,62.81,1350.65,2969.6,2969.6,5120024,5242880
166,1732572843627,2,READ,1002,518.91,0.24,154.87,55.07,482.05,512.0,518.4,15082552,15194663
167,1732572843627,3,READ,1005,514.82,0.03,173.53,60.09,486.4,505.6,512.77,16189576,16262958
168,1732572844129,0,READ,90,3022.85,36.22,570.92,54.21,1327.1,2983.93,3022.85,5111392,5242880
169,1732572844129,1,READ,90,3205.12,31.09,582.54,56.19,1263.62,3094.53,3205.12,5120024,5242880
170,1732572844129,2,READ,1005,545.28,0.07,195.02,76.93,483.07,507.9,523.52,15091184,15166817
171,1732572844129,3,READ,998,515.58,0.21,175.07,58.88,479.49,507.13,512.51,16189576,16290463
172,1732572844631,0,READ,90,3307.52,35.07,516.34,56.06,1108.99,1977.34,3307.52,5111376,5242880
173,1732572844631,1,READ,90,2904.06,33.79,564.66,61.53,1169.41,1954.82,2904.06,5120024,5242880
174,1732572844631,2,READ,1001,529.92,0.02,174.34,61.28,486.14,509.18,516.86,15082520,15179410
175,1732572844631,3,READ,1005,518.65,0.16,171.18,55.26,483.58,506.88,513.79,16189560,16278221
176,1732572845133,0,READ,90,3211.26,33.44,680.17,1012.22,1198.08,3088.38,3211.26,5111376,5242880
177,1732572845133,1,READ,89,3082.24,34.11,688.35,1018.37,1168.38,3039.23,3082.24,5120024,5242880
178,1732572845133,2,READ,1003,527.36,0.03,173.28,64.03,487.68,510.21,525.31,15082520,15169456
179,1732572845133,3,READ,1004,552.45,0.05,165.33,54.62,486.4,510.21,529.41,16189544,16284634
180,1732572845635,0,READ,89,3065.86,34.18,688.48,998.4,1278.97,3026.94,3065.86,5111376,5242880
181,1732572845635,1,READ,90,3440.64,34.46,732.36,1008.64,1342.46,3047.42,3440.64,5120024,5242880
182,1732572845635,2,READ,1003,524.8,0.23,173.42,64.77,484.35,507.39,515.84,15082520,15172888
183,1732572845635,3,READ,1005,524.8,0.14,169.73,54.81,483.58,505.86,517.89,16189528,16281401
184,1732572846136,0,READ,90,3053.57,34.5,656.44,58.46,2008.06,3014.66,3053.57,5111376,5242880
185,1732572846136,1,READ,90,3039.23,31.76,686.39,68.42,1945.6,2971.65,3039.23,5120024,5242880
186,1732572846136,2,READ,1002,526.85,0.17,177.47,65.44,485.63,507.65,525.82,15082520,15188154
187,1732572846136,3,READ,1002,530.43,0.11,161.6,56.26,482.81,506.88,521.47,16189528,16265068
188,1732572846638,0,READ,90,3586.05,30.7,643.53,47.9,1251.33,3536.89,3586.05,5120024,5242880
189,1732572846638,1,READ,90,3342.34,33.54,653.38,55.33,1373.18,3063.81,3342.34,5120024,5242880
190,1732572846638,2,READ,1002,531.97,0.48,199.84,79.42,488.96,504.32,527.36,15082520,15173393
191,1732572846638,3,READ,1003,526.34,0.09,163.13,52.09,484.1,504.06,513.28,16189480,16277953
192,1732572847140,0,READ,90,3727.36,31.02,633.69,53.22,1266.69,3198.97,3727.36,5120024,5242880
193,1732572847140,1,READ,90,3270.66,34.37,731.5,993.79,1284.1,3217.41,3270.66,5120024,5242880
194,1732572847140,2,READ,1004,521.98,0.18,194.87,68.73,489.98,510.98,519.68,15082520,15178550
195,1732572847140,3,READ,1003,539.65,0.06,181.13,53.89,486.65,507.39,529.41,16189464,16276093
196,1732572847642,0,READ,89,3227.65,32.96,846.0,1029.63,1411.07,3053.57,3227.65,5120024,5242880
197,1732572847642,1,READ,90,2844.67,34.08,695.91,1013.25,1235.97,2811.9,2844.67,5120008,5242880
198,1732572847642,2,READ,1003,548.35,0.34,168.41,60.16,486.65,507.13,519.68,15082520,15178465
199,1732572847642,3,READ,1001,546.82,0.02,166.24,60.8,480.77,505.6,529.92,16189464,16276173
200,1732572848144,0,READ,90,3037.18,31.33,621.72,64.03,1215.49,2967.55,3037.18,5120024,5242880
201,1732572848144,1,READ,89,3004.41,35.58,700.11,1011.2,1281.02,1956.86,3004.41,5120008,5242880
202,1732572848144,2,READ,1003,576.51,0.05,176.98,62.59,488.96,509.69,521.47,15082520,15185821
203,1732572848144,3,READ,1004,524.8,0.0,177.02,59.07,480.51,506.11,512.25,16189464,16271009
204,1732572848646,0,READ,90,3276.8,35.68,639.53,53.98,1472.51,3225.6,3276.8,5120024,5242880
205,1732572848646,1,READ,89,3131.39,33.92,740.78,995.84,2025.47,3045.38,3131.39,5120008,5242880
206,1732572848646,2,READ,1005,523.26,0.02,169.74,59.9,484.35,505.6,517.38,15082472,15173362
207,1732572848646,3,READ,1002,534.53,0.01,165.43,53.85,482.81,509.44,529.41,16189464,16283583
208,1732572849148,0,READ,90,3383.3,35.2,740.38,1008.13,1317.89,3141.63,3383.3,5120008,5242880
209,1732572849148,1,READ,90,2990.08,35.14,637.11,73.22,1338.37,2988.03,2990.08,5119992,5242880
210,1732572849148,2,READ,1003,539.65,0.14,152.79,57.95,483.07,509.18,518.65,15082456,15176195
211,1732572849148,3,READ,1003,520.7,0.21,174.27,64.38,485.89,505.09,517.38,16189480,16278301
212,1732572849650,0,READ,90,3026.94,33.98,675.8,1010.69,1242.11,2922.49,3026.94,5120008,5242880
213,1732572849650,1,READ,90,3067.9,32.99,649.87,71.04,1234.94,2988.03,3067.9,5119992,5242880
214,1732572849650,2,READ,1004,559.62,0.14,154.12,59.01,482.3,506.37,512.0,15082456,15174052
215,1732572849650,3,READ,1003,558.59,0.18,164.0,58.34,482.05,510.46,523.52,16189480,16282930
216,1732572850152,0,READ,90,3090.43,32.18,631.3,59.97,1266.69,3084.29,3090.43,5120008,5242880
217,1732572850152,1,READ,90,2846.72,36.0,683.7,1014.27,1283.07,2795.52,2846.72,5119992,5242880
218,1732572850152,2,READ,1003,522.24,0.0,183.47,75.45,475.9,504.06,518.91,15082456,15174282
219,1732572850152,3,READ,1004,522.24,0.11,160.6,56.86,481.79,504.32,517.89,16189464,16280116
220,1732572850654,0,READ,89,3473.41,34.56,694.97,58.62,1348.61,3198.97,3473.41,5120008,5242880
221,1732572850654,1,READ,90,3579.9,35.14,723.37,1020.93,1256.45,3082.24,3579.9,5119992,5242880
222,1732572850654,2,READ,1004,519.17,0.12,156.68,60.38,478.98,502.01,514.05,15082456,15172018
223,1732572850654,3,READ,1001,527.36,0.19,174.69,56.61,483.58,506.88,521.47,16189464,16287914
224,1732572851156,0,READ,90,3360.77,34.3,595.42,54.4,1314.82,3198.97,3360.77,5120008,5242880
225,1732572851156,1,READ,90,2994.18,37.34,542.02,57.76,1251.33,2985.98,2994.18,5119992,5242880
226,1732572851156,2,READ,1001,538.62,0.46,166.65,65.66,479.49,506.37,519.68,15082456,15187794
227,1732572851156,3,READ,1004,518.4,0.01,158.76,60.35,475.9,504.83,514.56,16189464,16268275
228,1732572851658,0,READ,90,3057.66,33.22,672.24,61.95,1976.32,3022.85,3057.66,5120008,5242880
229,1732572851658,1,READ,89,3346.43,32.75,558.84,54.59,1162.24,3024.89,3346.43,5119992,5242880
230,1732572851658,2,READ,1004,529.41,0.26,199.99,77.12,487.94,508.93,528.89,15082456,15178138
231,1732572851658,3,READ,1002,516.1,0.01,171.6,54.72,483.58,505.09,513.02,16198112,16279743
232,1732572852159,0,READ,90,3170.3,33.09,759.86,967.68,2064.38,3133.44,3170.3,5120008,5242880
233,1732572852159,1,READ,90,3233.79,34.69,643.99,59.26,1238.02,3028.99,3233.79,5119992,5242880
234,1732572852159,2,READ,1003,517.63,0.14,198.57,82.37,485.12,506.11,516.61,15082456,15166166
235,1732572852159,3,READ,1003,521.98,0.29,182.18,56.32,485.63,506.88,518.4,16189480,16291883
236,1732572852661,0,READ,88,2981.89,34.56,619.49,55.26,1292.29,2379.78,2981.89,5120008,5242880
237,1732572852661,1,READ,90,3497.98,34.43,721.13,1028.1,1256.45,2071.55,3497.98,5119992,5242880
238,1732572852661,2,READ,1004,570.37,0.03,179.64,67.45,483.33,513.79,527.36,15082456,15178604
239,1732572852661,3,READ,1004,519.42,0.11,181.82,63.71,484.86,510.72,518.14,16189480,16278930
240,1732572853163,0,READ,90,3084.29,32.99,597.34,56.64,1310.72,3000.32,3084.29,5120008,5242880
241,1732572853163,1,READ,90,3198.97,35.26,612.25,64.25,1234.94,2953.22,3198.97,5119992,5242880
242,1732572853163,2,READ,1003,567.81,0.14,170.39,67.14,480.25,509.44,539.65,15082472,15175328
243,1732572853163,3,READ,1003,526.34,0.19,174.29,62.05,485.63,510.21,524.03,16189480,16287475
244,1732572853665,0,READ,89,3676.16,31.86,774.72,985.09,1458.17,3430.4,3676.16,5119992,5242880
245,1732572853665,1,READ,90,3348.48,31.18,692.17,64.13,1952.77,3192.83,3348.48,5119992,5242880
246,1732572853665,2,READ,1002,525.31,0.34,168.09,66.69,482.05,508.16,523.77,15082472,15175042
247,1732572853665,3,READ,1002,515.84,0.17,156.39,58.98,478.21,507.9,515.84,16189496,16282075
248,1732572854167,0,READ,90,3637.25,32.86,684.95,63.58,1363.97,3168.26,3637.25,5119992,5242880
249,1732572854167,1,READ,89,3000.32,33.6,620.86,73.22,1097.73,2969.6,3000.32,5119992,5242880
250,1732572854167,2,READ,1004,519.17,0.17,171.03,70.72,481.54,506.88,515.33,15082472,15175022
251,1732572854167,3,READ,1004,523.77,0.07,178.51,69.76,478.98,510.46,520.96,16189496,16281784
252,1732572854669,0,READ,90,3155.97,33.38,704.9,62.91,1370.11,3145.73,3155.97,5119992,5242880
253,1732572854669,1,READ,90,3166.21,34.05,820.52,1007.1,1329.15,3088.38,3166.21,5119992,5242880
254,1732572854669,2,READ,1001,564.74,0.1,176.85,62.34,484.1,509.95,541.7,15082472,15178299
255,1732572854669,3,READ,1003,528.38,0.74,186.13,72.64,478.46,504.83,518.4,16189512,16279198
256,1732572855171,0,READ,90,3581.95,30.69,852.43,990.72,2080.77,3149.82,3581.95,5119992,5242880
257,1732572855171,1,READ,90,3119.1,31.89,777.46,1012.74,1318.91,3110.91,3119.1,5119992,5242880
258,1732572855171,2,READ,1004,528.38,0.78,165.16,56.9,478.72,513.53,522.5,15082472,15170880
259,1732572855171,3,READ,1003,515.33,0.33,188.58,72.38,482.56,508.16,514.56,16189480,16288965
260,1732572855673,0,READ,90,3196.93,33.98,611.03,61.53,1214.46,3141.63,3196.93,5119992,5242880
261,1732572855673,1,READ,90,2955.26,32.4,612.61,63.74,1225.73,2055.17,2955.26,5119992,5242880
262,1732572855673,2,READ,1003,521.22,0.14,187.15,67.07,483.33,509.18,521.22,15082472,15164737
263,1732572855673,3,READ,1001,530.43,0.0,188.23,62.91,485.89,510.21,523.77,16189448,16294788
264,1732572856174,0,READ,90,3061.76,30.77,748.89,82.56,1977.34,2959.36,3061.76,5119992,5242880
265,1732572856174,1,READ,90,2975.74,34.37,745.05,984.58,1390.59,2953.22,2975.74,5119992,5242880
266,1732572856174,2,READ,1004,519.93,0.01,184.8,67.33,485.12,512.25,519.42,15082424,15175011
267,1732572856174,3,READ,1005,542.21,0.06,196.44,70.66,483.58,509.69,535.55,16189416,16282072
268,1732572856676,0,READ,89,3325.95,32.77,675.23,72.96,1380.35,2920.45,3325.95,5119992,5242880
269,1732572856676,1,READ,90,3010.56,30.69,677.74,1009.66,1309.69,2910.21,3010.56,5119992,5242880
270,1732572856676,2,READ,1007,531.97,0.14,180.62,64.38,485.63,512.51,522.24,15091024,15173060
271,1732572856676,3,READ,1009,548.86,0.06,177.64,62.75,481.79,513.79,529.41,16189400,16283772
272,1732572857182,0,READ,91,2996.22,31.6,595.14,60.29,1173.5,2902.01,2996.22,5119992,5242880
273,1732572857182,1,READ,90,3301.38,30.8,610.6,69.63,1139.71,2873.34,3301.38,5119992,5242880
274,1732572857182,2,READ,1005,533.5,0.11,175.0,68.16,484.1,513.79,528.38,15082376,15189888
275,1732572857182,3,READ,1002,516.61,0.01,160.42,56.32,475.39,505.6,515.58,16198032,16271161
276,1732572857684,0,READ,90,3223.55,34.43,665.85,65.6,1298.43,3074.05,3223.55,5119992,5242880
277,1732572857684,1,READ,90,2985.98,31.84,681.8,934.4,1240.06,2934.78,2985.98,5119992,5242880
278,1732572857684,2,READ,1002,526.85,0.14,220.12,110.08,486.14,509.18,525.31,15082376,15171756
279,1732572857684,3,READ,1006,528.38,0.09,206.86,79.49,484.1,510.72,520.7,16189400,16284918
280,1732572858186,0,READ,89,3086.34,33.28,745.58,993.79,1286.14,3059.71,3086.34,5119992,5242880
281,1732572858186,1,READ,90,3491.84,34.3,862.12,1021.95,1900.54,3143.68,3491.84,5119992,5242880
282,1732572858186,2,READ,1004,535.55,0.02,213.18,90.24,488.19,511.23,532.99,15082376,15172662
283,1732572858186,3,READ,1002,526.34,0.03,173.6,53.18,480.51,503.81,513.28,16189400,16284618
284,1732572858688,0,READ,90,3168.26,33.47,800.07,978.94,2018.3,3133.44,3168.26,5119992,5242880
285,1732572858688,1,READ,90,3309.57,34.75,875.51,1017.86,1947.65,3305.47,3309.57,5119992,5242880
286,1732572858688,2,READ,1003,529.41,0.3,220.87,101.5,488.19,507.9,517.63,15082376,15174714
287,1732572858688,3,READ,1006,521.73,0.2,209.57,68.48,486.4,508.42,518.4,16189416,16279705
288,1732572859190,0,READ,89,3401.73,31.17,750.61,1003.52,1252.35,3063.81,3401.73,5119976,5242880
289,1732572859190,1,READ,90,2902.01,34.37,646.77,996.35,1187.84,2195.45,2902.01,5119992,5242880
290,1732572859190,2,READ,1004,521.22,0.13,194.44,74.11,486.14,507.9,521.22,15082392,15171511
291,1732572859190,3,READ,1003,524.03,0.12,191.48,63.2,484.86,504.83,521.47,16189416,16285769
292,1732572859691,0,READ,90,3039.23,33.31,663.8,64.13,1362.94,3028.99,3039.23,5119976,5242880
293,1732572859691,1,READ,89,3047.42,33.66,809.32,1012.22,1404.93,3012.61,3047.42,5119992,5242880
294,1732572859691,2,READ,1001,529.41,0.07,195.1,75.2,485.12,509.18,526.34,15082392,15171689
295,1732572859691,3,READ,1003,522.24,0.06,200.77,69.31,483.58,506.37,522.24,16189416,16284993
296,1732572860193,0,READ,90,3235.84,34.72,715.6,978.43,1325.06,3102.72,3235.84,5119976,5242880
297,1732572860193,1,READ,90,3137.53,34.27,658.52,56.61,1393.66,2891.78,3137.53,5119992,5242880
298,1732572860193,2,READ,1003,526.34,0.02,198.81,76.16,487.68,510.21,519.17,15082392,15176208
299,1732572860193,3,READ,1004,520.45,0.75,200.53,62.56,487.17,508.67,516.35,16189416,16278304
300,1732572860695,0,READ,90,4149.25,32.99,723.24,61.31,1478.65,3231.74,4149.25,5119976,5242880
301,1732572860695,1,READ,90,3201.02,33.57,825.28,1015.29,1417.21,3117.05,3201.02,5119992,5242880
302,1732572860695,2,READ,1004,528.38,0.12,189.55,72.38,483.33,513.79,526.85,15082376,15175464
303,1732572860695,3,READ,1003,552.96,0.16,191.46,62.14,485.63,512.25,536.06,16189400,16281735
304,1732572861197,0,READ,90,3158.01,34.56,700.82,64.93,1358.85,3090.43,3158.01,5119976,5242880
305,1732572861197,1,READ,90,2983.93,31.58,734.92,1007.62,1219.58,2940.93,2983.93,5119992,5242880
306,1732572861197,2,READ,1004,538.62,0.1,187.82,72.7,484.35,512.0,532.48,15082376,15171146
307,1732572861197,3,READ,1003,536.06,0.19,183.94,64.64,485.89,507.65,525.31,16189400,16283034
308,1732572861699,0,READ,89,3524.61,31.92,704.12,62.59,1376.26,3213.31,3524.61,5119976,5242880
309,1732572861699,1,READ,90,3250.18,34.53,744.1,994.3,1352.7,3112.96,3250.18,5119976,5242880
310,1732572861699,2,READ,1001,524.8,0.32,170.67,66.62,478.72,503.81,517.38,15082376,15178338
311,1732572861699,3,READ,1004,528.89,0.03,181.19,65.38,482.56,508.67,515.58,16189400,16279149
312,1732572862201,0,READ,89,3231.74,33.15,777.29,1011.71,1414.14,3215.36,3231.74,5119976,5242880
313,1732572862201,1,READ,90,3606.53,33.5,821.19,1014.27,2010.11,3383.3,3606.53,5119976,5242880
314,1732572862201,2,READ,1005,516.86,0.13,170.29,70.08,483.58,504.57,514.56,15082376,15172826
315,1732572862201,3,READ,1003,516.86,0.01,163.14,60.03,481.02,507.39,516.61,16189400,16284008
316,1732572862703,0,READ,90,3082.24,35.07,691.86,1011.71,1260.54,2127.87,3082.24,5119976,5242880
317,1732572862703,1,READ,89,3018.75,30.94,710.25,1028.1,1298.43,2981.89,3018.75,5119976,5242880
318,1732572862703,2,READ,1003,527.87,0.06,140.53,66.24,466.94,506.88,518.65,15082376,15176374
319,1732572862703,3,READ,1005,531.97,0.1,150.55,62.88,477.44,500.48,522.5,16189400,16278133
320,1732572863205,0,READ,90,3147.78,30.5,722.75,66.24,1482.75,3024.89,3147.78,5119976,5242880
321,1732572863205,1,READ,90,3332.09,32.18,787.08,1028.61,1939.45,3248.13,3332.09,5119976,5242880
322,1732572863205,2,READ,1002,555.01,0.22,169.18,71.3,477.44,511.23,528.38,15082360,15176194
323,1732572863205,3,READ,1003,538.62,0.33,158.82,60.09,478.98,509.69,527.87,16189368,16281034
324,1732572863706,0,READ,90,3643.39,29.66,649.21,58.62,1243.13,3043.33,3643.39,5119976,5242880
325,1732572863706,1,READ,90,4792.32,30.45,746.88,1001.98,1323.01,3586.05,4792.32,5119976,5242880
326,1732572863706,2,READ,1002,533.5,0.34,215.26,111.17,484.61,510.98,525.82,15082360,15171362
327,1732572863706,3,READ,1003,572.93,0.06,196.16,68.16,483.58,507.9,544.77,16189368,16285280
328,1732572864208,0,READ,90,3067.9,32.21,667.17,63.23,1341.44,2529.28,3067.9,5119976,5242880
329,1732572864208,1,READ,90,3043.33,32.26,677.25,974.34,1246.21,2850.82,3043.33,5119976,5242880
330,1732572864208,2,READ,1004,527.87,0.31,188.14,75.84,485.38,511.74,520.7,15082360,15180039
331,1732572864208,3,READ,1003,518.14,0.1,180.1,63.26,482.81,508.16,516.61,16198016,16280458
332,1732572864710,0,READ,89,2963.45,31.92,515.23,48.13,1278.97,2324.48,2963.45,5119976,5242880
333,1732572864710,1,READ,90,3010.56,30.93,632.16,996.35,1186.82,3000.32,3010.56,5119976,5242880
334,1732572864710,2,READ,1001,524.29,0.03,170.16,60.41,483.07,506.37,515.07,15082360,15180604
335,1732572864710,3,READ,1004,527.36,0.14,179.05,61.18,481.02,511.23,523.26,16189400,16274167
336,1732572865212,0,READ,89,3342.34,31.12,785.75,1007.62,1367.04,3219.45,3342.34,5119976,5242880
337,1732572865212,1,READ,89,3301.38,33.25,641.78,63.58,1308.67,2797.57,3301.38,5119976,5242880
338,1732572865212,2,READ,1002,523.52,0.06,173.4,59.36,485.63,510.98,523.01,15082360,15188691
339,1732572865212,3,READ,1002,540.67,0.78,171.43,57.7,482.05,514.05,520.45,16189384,16268318
340,1732572865714,0,READ,90,3514.37,32.93,620.62,56.93,1280.0,3196.93,3514.37,5119976,5242880
341,1732572865714,1,READ,90,2985.98,34.21,653.28,53.44,1339.39,2867.2,2985.98,5119976,5242880
342,1732572865714,2,READ,1004,556.54,0.22,161.95,63.26,482.56,512.0,531.46,15082360,15164772
343,1732572865714,3,READ,1002,518.65,0.05,167.19,64.35,479.23,506.62,516.61,16189368,16296841
344,1732572866216,0,READ,90,3123.2,33.22,834.5,993.79,2051.07,3080.19,3123.2,5119976,5242880
345,1732572866216,1,READ,90,3735.55,30.8,924.37,1024.0,2068.48,3403.78,3735.55,5119976,5242880
346,1732572866216,2,READ,1005,536.06,0.0,185.76,67.2,485.12,507.39,517.12,15082344,15170724
347,1732572866216,3,READ,1002,541.7,0.04,167.1,55.9,483.58,512.77,534.01,16189368,16286556
348,1732572866718,0,READ,90,2332.67,33.06,645.32,56.99,1393.66,2316.29,2332.67,5119976,5242880
349,1732572866718,1,READ,90,3151.87,31.02,711.21,987.65,1353.73,2926.59,3151.87,5119976,5242880
350,1732572866718,2,READ,1004,534.01,0.33,151.97,56.9,478.98,512.51,523.52,15082344,15178932
351,1732572866718,3,READ,1002,518.91,0.16,166.0,65.18,480.77,508.42,517.89,16189368,16284308
352,1732572867220,0,READ,90,3170.3,33.6,835.64,1023.49,2028.54,3074.05,3170.3,5119976,5242880
353,1732572867220,1,READ,90,3432.45,33.15,719.01,61.7,1403.9,3024.89,3432.45,5119976,5242880
354,1732572867220,2,READ,1003,536.06,0.03,154.9,59.1,482.56,509.44,521.98,15082344,15177770
355,1732572867220,3,READ,1005,531.97,0.58,162.25,61.22,483.84,507.39,531.46,16189368,16279648
356,1732572867721,0,READ,89,3098.62,34.11,588.64,61.79,1209.34,3008.51,3098.62,5119960,5242880
357,1732572867721,1,READ,90,3309.57,32.53,621.2,59.07,1260.54,2977.79,3309.57,5119960,5242880
358,1732572867721,2,READ,1003,527.87,0.31,152.38,54.46,482.05,506.37,520.7,15082360,15179687
359,1732572867721,3,READ,1003,532.48,0.21,154.72,58.53,480.25,504.57,524.29,16189352,16277103
360,1732572868223,0,READ,90,3102.72,33.06,682.94,974.85,1309.69,2926.59,3102.72,5119960,5242880
361,1732572868223,1,READ,90,3889.15,33.79,714.86,1009.66,1275.9,3037.18,3889.15,5119960,5242880
362,1732572868223,2,READ,1003,518.65,0.28,153.4,55.45,481.02,508.42,515.33,15082360,15178996
363,1732572868223,3,READ,1004,520.96,0.13,157.38,63.04,481.79,505.86,517.89,16189336,16278571
364,1732572868725,0,READ,90,2912.26,33.95,701.74,1008.13,1317.89,2353.15,2912.26,5119960,5242880
365,1732572868725,1,READ,89,3012.61,30.62,596.47,57.73,1183.74,2032.64,3012.61,5119960,5242880
366,1732572868725,2,READ,1004,526.85,0.08,171.43,62.3,487.42,513.28,524.29,15082392,15175936
367,1732572868725,3,READ,1003,539.65,0.02,153.65,62.72,480.77,510.21,537.6,16189336,16281260
368,1732572869227,0,READ,90,3403.78,32.38,712.01,990.72,1301.5,3182.59,3403.78,5119960,5242880
369,1732572869227,1,READ,90,3577.86,30.19,750.37,1019.9,1391.62,3018.75,3577.86,5119960,5242880
370,1732572869227,2,READ,1004,547.33,0.15,171.2,62.56,485.63,509.44,521.22,15082392,15164721
371,1732572869227,3,READ,1001,526.34,1.77,150.95,58.75,477.69,511.74,520.45,16189320,16292559
372,1732572869729,0,READ,89,3237.89,32.9,769.82,1011.2,1354.75,3221.5,3237.89,5119960,5242880
373,1732572869729,1,READ,90,3178.49,30.96,678.18,57.41,1348.61,3100.67,3178.49,5119960,5242880
374,1732572869729,2,READ,1003,517.12,0.02,148.0,52.09,481.02,508.42,514.82,15082392,15167128
375,1732572869729,3,READ,1004,558.59,0.1,141.45,57.22,475.39,508.16,536.06,16189304,16286311
376,1732572870231,0,READ,90,3332.09,32.7,608.93,50.66,1295.36,3119.1,3332.09,5119960,5243860
377,1732572870231,1,READ,89,3047.42,33.38,650.09,66.24,1304.58,2988.03,3047.42,5119960,5242880
378,1732572870231,2,READ,1002,528.89,0.65,134.53,59.01,470.01,507.65,517.89,15082376,15171263
379,1732572870231,3,READ,1003,539.65,0.16,136.41,56.93,472.32,509.18,538.11,16189288,16284830
380,1732572870733,0,READ,90,3303.42,33.98,693.88,1004.54,1254.4,3078.14,3303.42,5119960,5242880
381,1732572870733,1,READ,91,3053.57,32.56,715.99,1017.34,1338.37,2926.59,3053.57,5119960,5242880
382,1732572870733,2,READ,1004,526.85,0.38,135.01,55.01,472.57,509.18,515.58,15082376,15179627
383,1732572870733,3,READ,1003,521.47,0.1,137.54,58.34,470.53,500.74,515.07,16189288,16275067
384,1732572871235,0,READ,90,3289.09,33.31,748.32,79.61,2020.35,3207.17,3289.09,5119960,5242880
385,1732572871235,1,READ,89,3805.18,33.98,795.98,1010.17,1384.45,3375.1,3805.18,5119960,5242880
386,1732572871235,2,READ,1002,526.85,0.05,146.44,59.55,479.74,510.21,523.52,15082360,15184562
387,1732572871235,3,READ,1003,517.89,0.14,134.51,61.73,470.78,504.32,513.53,16189288,16270473
388,1732572871737,0,READ,90,3143.68,34.21,646.67,66.5,1317.89,2324.48,3143.68,5119960,5242880
389,1732572871737,1,READ,90,3180.54,32.34,671.43,1013.25,1270.78,2160.64,3180.54,5119960,5242880
390,1732572871737,2,READ,1002,1040.38,0.26,128.87,54.11,472.57,508.93,545.79,15082344,15181233
391,1732572871737,3,READ,1003,515.33,0.09,135.04,56.35,471.55,500.74,513.53,16189304,16276959
392,1732572872238,0,READ,90,3407.87,34.91,764.15,1020.41,1630.21,3352.57,3407.87,5119944,5242880
393,1732572872238,1,READ,90,3491.84,32.16,751.7,1014.27,1415.17,3438.59,3491.84,5119960,5242880
394,1732572872238,2,READ,1003,522.24,0.3,138.05,62.34,474.37,505.34,518.14,15091008,15178585
395,1732572872238,3,READ,1003,520.7,0.23,126.82,54.91,464.89,508.93,519.68,16189304,16281757
396,1732572872740,0,READ,90,3160.06,34.82,703.54,975.87,1424.38,3016.7,3160.06,5119944,5242880
397,1732572872740,1,READ,90,2899.97,33.82,654.15,64.25,1329.15,2791.42,2899.97,5119960,5242880
398,1732572872740,2,READ,1003,523.52,0.0,157.36,58.85,479.23,507.13,517.89,15082360,15182234
399,1732572872740,3,READ,1006,547.84,0.3,151.86,55.33,476.16,511.23,530.94,16189304,16275724
400,1732572873243,0,READ,90,3211.26,33.95,591.19,55.42,1222.65,3031.04,3211.26,5119944,5242880
401,1732572873243,1,READ,90,3338.24,34.24,770.06,1019.9,1305.6,3139.58,3338.24,5119960,5242880
402,1732572873243,2,READ,1003,526.34,0.23,151.8,55.77,478.72,506.37,517.12,15082360,15170920
403,1732572873243,3,READ,1002,522.5,0.22,150.3,57.47,474.11,503.3,516.1,16189304,16285910
404,1732572873745,0,READ,89,5308.41,33.34,839.91,63.1,2142.21,3405.82,5308.41,5119944,5243828
405,1732572873745,1,READ,90,3540.99,32.46,753.89,981.5,1433.6,3004.41,3540.99,5119960,5242880
406,1732572873745,2,READ,1002,518.4,0.38,158.14,60.93,480.77,507.65,518.14,15082360,15175172
407,1732572873745,3,READ,1004,552.96,0.0,158.62,59.26,478.46,510.98,535.04,16189320,16279276
408,1732572874247,0,READ,89,3203.07,35.39,674.39,55.94,1345.54,3178.49,3203.07,5119944,5242880
409,1732572874247,1,READ,90,3086.34,36.06,689.65,971.26,1314.82,2949.12,3086.34,5119960,5242880
410,1732572874247,2,READ,1004,516.1,0.18,179.29,71.17,484.61,507.65,515.58,15090976,15174067
411,1732572874247,3,READ,1004,520.45,0.04,139.42,51.52,474.62,502.78,513.53,16189320,16283213
412,1732572874749,0,READ,89,3086.34,35.1,718.36,1000.96,1342.46,3049.47,3086.34,5119944,5242880
413,1732572874749,1,READ,89,3180.54,34.53,690.73,63.87,1345.54,3117.05,3180.54,5119960,5242880
414,1732572874749,2,READ,1003,526.85,0.23,143.61,55.17,478.46,505.34,524.29,15082328,15174469
415,1732572874749,3,READ,1003,519.17,1.09,131.03,57.95,471.55,505.34,518.4,16189288,16282920
416,1732572875250,0,READ,90,3074.05,34.08,566.95,53.98,1206.27,3039.23,3074.05,5119944,5242880
417,1732572875250,1,READ,90,3090.43,31.47,508.59,51.26,1111.04,2959.36,3090.43,5119960,5242880
418,1732572875250,2,READ,1003,526.85,0.01,151.26,58.3,479.74,506.62,522.5,15082328,15183799
419,1732572875250,3,READ,1003,519.42,0.41,153.1,58.05,477.69,505.09,517.12,16189288,16276853
420,1732572875752,0,READ,90,2117.63,34.08,584.97,60.8,1335.3,2109.44,2117.63,5119944,5242880
421,1732572875752,1,READ,90,2025.47,30.14,583.06,60.16,1198.08,1997.82,2025.47,5119960,5242880
422,1732572875752,2,READ,1003,529.92,0.03,158.92,60.99,484.86,507.13,519.17,15082312,15177548
423,1732572875752,3,READ,1004,571.39,0.13,136.65,55.33,469.5,505.34,537.6,16189304,16282713
424,1732572876254,0,READ,90,3604.48,32.22,586.84,51.3,1277.95,3074.05,3604.48,5119944,5242880
425,1732572876254,1,READ,90,3821.57,31.52,633.74,55.17,1267.71,3045.38,3821.57,5119960,5242880
426,1732572876254,2,READ,1002,528.89,0.11,164.67,65.34,483.84,503.3,516.35,15082312,15183336
427,1732572876254,3,READ,1002,534.01,0.18,129.49,49.7,470.01,503.81,517.38,16189304,16274755
428,1732572876756,0,READ,90,3215.36,34.37,817.08,1035.78,1424.38,3133.44,3215.36,5119944,5242880
429,1732572876756,1,READ,90,3317.76,31.23,645.66,59.65,1293.31,2971.65,3317.76,5119960,5242880
430,1732572876756,2,READ,1003,520.19,0.42,146.22,59.87,480.77,509.44,519.93,15082312,15170824
431,1732572876756,3,READ,1004,524.8,0.09,133.08,55.52,469.76,501.25,512.51,16189320,16286042
432,1732572877258,0,READ,89,4003.84,34.75,668.67,53.31,1355.78,3301.38,4003.84,5119944,5242880
433,1732572877258,1,READ,90,3102.72,34.66,740.03,981.5,1335.3,3086.34,3102.72,5119960,5242880
434,1732572877258,2,READ,1004,519.93,0.21,138.75,50.85,478.72,502.27,519.17,15082328,15156948
435,1732572877258,3,READ,1001,513.79,0.14,134.77,51.81,477.95,505.6,513.53,16189320,16296789
436,1732572877760,0,READ,90,3663.87,30.53,772.21,74.37,2082.82,3223.55,3663.87,5119944,5242880
437,1732572877760,1,READ,89,3502.08,33.82,702.89,971.77,1349.63,2893.82,3502.08,5119960,5242880
438,1732572877760,2,READ,1000,522.5,0.28,157.91,56.54,485.38,508.16,520.45,15082312,15191156
439,1732572877760,3,READ,1007,511.49,0.18,128.05,48.83,470.53,503.55,511.23,16189304,16267799
440,1732572878261,0,READ,90,3227.65,33.73,860.14,1019.39,2117.63,3182.59,3227.65,5119944,5242880
441,1732572878261,1,READ,90,3694.59,31.89,798.77,1011.2,2061.31,3151.87,3694.59,5119960,5242880
442,1732572878261,2,READ,1005,518.14,0.45,163.46,61.47,484.1,507.9,515.33,15082296,15172690
443,1732572878261,3,READ,1001,533.5,0.6,136.92,50.66,476.67,507.9,518.65,16197968,16284483
444,1732572878763,0,READ,90,3225.6,33.7,706.95,1012.22,1337.34,3164.16,3225.6,5119944,5242880
445,1732572878763,1,READ,90,2101.25,31.52,587.77,56.54,1249.28,2055.17,2101.25,5119960,5242880
446,1732572878763,2,READ,1003,521.47,0.2,151.36,63.42,478.46,505.09,520.45,15082296,15175660
447,1732572878763,3,READ,1003,534.53,0.41,122.26,52.22,462.85,503.3,523.52,16189320,16281398
448,1732572879265,0,READ,90,3037.18,30.53,610.75,64.03,1242.11,2069.5,3037.18,5119944,5242880
449,1732572879265,1,READ,90,3123.2,33.47,646.72,968.7,1281.02,3033.09,3123.2,5119960,5242880
450,1732572879265,2,READ,1003,518.4,0.08,155.19,56.32,484.1,506.62,514.05,15082296,15163603
451,1732572879265,3,READ,1001,513.53,0.3,137.28,46.08,475.13,500.22,511.23,16189304,16294655
452,1732572879767,0,READ,90,3223.55,30.74,759.56,985.09,1385.47,3129.34,3223.55,5119944,5242880
453,1732572879767,1,READ,90,3606.53,30.53,775.42,1006.08,1712.13,3076.09,3606.53,5119960,5242880
454,1732572879767,2,READ,1002,524.29,0.02,161.26,55.07,481.79,504.57,516.86,15082296,15174735
455,1732572879767,3,READ,1003,531.46,0.0,171.08,49.82,488.7,508.16,520.7,16189304,16279685
456,1732572880269,0,READ,89,3024.89,31.47,637.32,75.26,1264.64,2953.22,3024.89,5119928,5242880
457,1732572880269,1,READ,90,3033.09,31.68,696.17,1001.47,1308.67,2252.8,3033.09,5119960,5242880
458,1732572880269,2,READ,1003,526.34,0.02,165.35,58.85,482.81,503.04,515.07,15082296,15173340
459,1732572880269,3,READ,1003,525.31,0.14,164.55,55.87,485.12,506.62,521.98,16189304,16283382
460,1732572880771,0,READ,90,3817.47,33.63,806.44,1028.1,1437.69,3162.11,3817.47,5119928,5242880
461,1732572880771,1,READ,89,3319.81,31.46,733.69,999.42,1383.42,3162.11,3319.81,5119960,5242880
462,1732572880771,2,READ,1004,522.24,0.1,163.84,63.58,480.51,505.86,517.63,15082296,15167743
463,1732572880771,3,READ,1004,527.87,0.19,148.61,56.86,480.0,508.93,518.91,16189304,16289063
464,1732572881273,0,READ,90,3139.58,34.02,734.19,1017.86,1368.06,3127.3,3139.58,5119928,5242880
465,1732572881273,1,READ,90,3180.54,32.93,729.75,998.91,1308.67,3088.38,3180.54,5119960,5242880
466,1732572881273,2,READ,1004,526.34,0.07,144.42,57.98,475.9,507.13,520.96,15082296,15173792
467,1732572881273,3,READ,1003,521.47,0.21,152.33,54.85,480.25,508.16,516.86,16189288,16283515
468,1732572881774,0,READ,90,3610.62,34.05,735.79,60.73,1991.68,3041.28,3610.62,5119928,5242880
469,1732572881774,1,READ,90,3137.53,33.98,747.43,968.7,1913.86,3102.72,3137.53,5119960,5242880
470,1732572881774,2,READ,1003,522.5,0.1,174.22,68.42,481.54,502.01,515.58,15082296,15166528
471,1732572881774,3,READ,1003,566.78,0.14,165.72,59.65,486.91,510.46,559.1,16189288,16287363
472,1732572882276,0,READ,90,3225.6,33.57,574.15,47.17,1246.21,3147.78,3225.6,5119928,5242880
473,1732572882276,1,READ,90,3530.75,33.09,629.77,58.37,1222.65,3418.11,3530.75,5119960,5242880
474,1732572882276,2,READ,1003,524.8,0.3,168.48,63.97,482.56,506.62,514.82,15082296,15168779
475,1732572882276,3,READ,1002,525.82,0.33,152.65,57.12,482.05,507.9,525.31,16189288,16287904
476,1732572882778,0,READ,88,3612.67,32.7,578.45,55.01,1361.92,2377.73,3612.67,5119928,5242880
477,1732572882778,1,READ,90,3473.41,30.94,728.14,1007.1,1405.95,3186.69,3473.41,5119960,5242880
478,1732572882778,2,READ,1004,519.93,0.3,154.99,57.5,478.72,511.49,519.93,15082296,15171518
479,1732572882778,3,READ,1003,523.77,0.22,150.12,56.64,479.23,506.62,514.3,16189288,16282701
480,1732572883280,0,READ,90,2220.03,30.34,538.2,60.03,1146.88,1482.75,2220.03,5119928,5242880
481,1732572883280,1,READ,90,3004.41,34.34,638.65,1007.1,1154.05,2061.31,3004.41,5119960,5242880
482,1732572883280,2,READ,1004,524.8,0.15,151.89,59.36,479.23,504.57,521.47,15082296,15171315
483,1732572883280,3,READ,1005,523.52,0.06,160.84,55.55,481.79,504.83,517.63,16189272,16288557
484,1732572883782,0,READ,90,3287.04,34.91,714.1,65.12,1402.88,3252.22,3287.04,5119928,5242880
485,1732572883782,1,READ,89,3469.31,32.1,637.57,64.73,1171.45,3315.71,3469.31,5119960,5242880
486,1732572883782,2,READ,1003,520.96,0.01,184.4,75.2,484.86,511.49,518.14,15082296,15174107
487,1732572883782,3,READ,1001,523.77,0.03,161.14,54.11,484.1,507.65,521.22,16197920,16283221
488,1732572884283,0,READ,90,3141.63,31.87,740.94,985.6,1998.85,3026.94,3141.63,5119928,5242880
489,1732572884283,1,READ,89,3057.66,33.31,684.68,1010.69,1307.65,2244.61,3057.66,5119944,5242880
490,1732572884283,2,READ,1004,518.65,0.03,165.49,60.26,485.12,507.13,516.61,15082296,15175459
491,1732572884283,3,READ,1004,522.24,0.02,168.18,57.98,483.84,507.65,522.24,16189272,16282034
492,1732572884786,0,READ,90,3289.09,34.11,601.31,56.35,1353.73,3108.86,3289.09,5119912,5242880
493,1732572884786,1,READ,90,2977.79,34.08,578.61,57.28,1300.48,2152.45,2977.79,5119944,5242880
494,1732572884786,2,READ,1003,527.36,0.23,179.57,66.94,482.56,508.67,520.19,15082296,15164513
495,1732572884786,3,READ,999,531.97,0.27,162.17,54.81,484.86,507.39,528.38,16189272,16291670
496,1732572885288,0,READ,89,3192.83,32.8,736.62,969.73,1985.54,3112.96,3192.83,5119912,5242880
497,1732572885288,1,READ,90,2899.97,31.7,699.81,978.43,1263.62,2850.82,2899.97,5119928,5242880
498,1732572885288,2,READ,1003,537.6,0.02,219.46,104.58,486.4,507.9,520.45,15082296,15174404
499,1732572885288,3,READ,1006,527.87,0.02,216.91,81.34,484.61,509.44,525.31,16189288,16285726
500,1732572885790,0,READ,90,2994.18,31.33,601.44,55.39,1193.98,2928.64,2994.18,5119912,5242880
501,1732572885790,1,READ,90,3389.44,32.08,660.0,61.05,1176.58,3229.7,3389.44,5119928,5242880
502,1732572885790,2,READ,1004,519.17,0.03,220.84,114.81,484.86,506.62,517.89,15082296,15173135
503,1732572885790,3,READ,1004,524.29,0.01,205.7,65.31,487.42,508.67,516.1,16189288,16286954
504,1732572886291,0,READ,90,3053.57,34.72,552.68,59.94,1248.26,2136.06,3053.57,5119912,5242880
505,1732572886291,1,READ,90,2162.69,30.82,551.39,61.12,1193.98,2043.9,2162.69,5119928,5242880
506,1732572886291,2,READ,1002,534.53,0.34,210.68,81.22,488.96,510.46,520.96,15082296,15172901
507,1732572886291,3,READ,1003,524.03,0.23,204.34,70.21,486.14,510.72,516.35,16189288,16283928
508,1732572886793,0,READ,90,3293.18,30.58,857.32,988.67,2034.69,3264.51,3293.18,5119912,5242880
509,1732572886793,1,READ,90,3096.57,30.19,662.33,55.3,1977.34,3028.99,3096.57,5119928,5242880
510,1732572886793,2,READ,1003,522.24,0.4,201.57,81.73,487.68,511.23,521.73,15082296,15171303
511,1732572886793,3,READ,1003,521.73,0.1,197.42,68.09,486.91,509.69,518.65,16189288,16285686
512,1732572887295,0,READ,89,3371.01,31.22,657.31,64.29,1302.53,3098.62,3371.01,5119912,5242880
513,1732572887295,1,READ,89,3182.59,30.88,557.12,55.87,1204.22,2095.1,3182.59,5119928,5242880
514,1732572887295,2,READ,1002,526.34,0.22,191.23,80.51,482.05,509.18,525.31,15082296,15176576
515,1732572887295,3,READ,1001,527.36,0.15,184.02,59.33,484.86,509.95,525.31,16189288,16280276
516,1732572887797,0,READ,89,3463.17,33.66,729.18,1007.62,1324.03,3196.93,3463.17,5119912,5242880
517,1732572887797,1,READ,90,3203.07,34.72,603.18,63.3,1223.68,2844.67,3203.07,5119928,5242880
518,1732572887797,2,READ,1007,529.92,0.06,205.65,88.77,484.35,507.9,527.87,15082296,15175359
519,1732572887797,3,READ,1006,532.48,0.02,184.71,58.78,486.91,513.79,520.45,16189288,16284314
520,1732572888299,0,READ,90,2932.74,30.27,729.72,992.25,1815.55,2238.46,2932.74,5119912,5242880
521,1732572888299,1,READ,90,3287.04,31.42,737.58,1005.57,1235.97,3164.16,3287.04,5119928,5242880
522,1732572888299,2,READ,1002,533.5,0.03,199.16,82.05,482.56,504.06,522.5,15082296,15174035
523,1732572888299,3,READ,1003,530.94,0.22,190.41,59.62,487.17,511.49,525.31,16189288,16280342
524,1732572888801,0,READ,90,3395.58,31.82,637.54,58.11,1352.7,3256.32,3395.58,5119896,5242880
525,1732572888801,1,READ,90,3256.32,30.67,723.0,994.82,1292.29,3053.57,3256.32,5119928,5242880
526,1732572888801,2,READ,1004,532.99,0.28,204.15,85.57,483.84,506.37,518.91,15082296,15176683
527,1732572888801,3,READ,1005,529.41,0.21,206.19,72.32,486.14,510.72,526.34,16189288,16280597
528,1732572889303,0,READ,90,3381.25,31.07,657.37,65.02,1315.84,3069.95,3381.25,5119896,5242880
529,1732572889303,1,READ,90,3424.26,32.77,603.03,58.14,1259.52,2209.79,3424.26,5119928,5242880
530,1732572889303,2,READ,1005,691.2,0.13,223.99,128.06,485.63,513.53,525.82,15082344,15159721
531,1732572889303,3,READ,1004,520.96,0.21,197.25,63.01,483.84,506.37,518.4,16189288,16293762
532,1732572889808,0,READ,90,3053.57,34.4,647.36,60.06,1378.3,3006.46,3053.57,5119896,5242880
533,1732572889808,1,READ,90,3237.89,30.48,740.54,994.3,1318.91,3190.78,3237.89,5119928,5242880
534,1732572889808,2,READ,1005,529.92,0.08,180.79,68.09,486.91,506.11,516.1,15082344,15178018
535,1732572889808,3,READ,1007,525.31,0.03,181.74,59.17,484.1,509.18,523.01,16189288,16277059
536,1732572890310,0,READ,90,3497.98,33.89,732.89,980.48,1333.25,3211.26,3497.98,5119896,5242880
537,1732572890310,1,READ,90,3262.46,33.54,615.34,59.65,1283.07,3000.32,3262.46,5119928,5242880
538,1732572890310,2,READ,1003,526.85,0.16,168.47,65.44,482.56,508.93,517.12,15082344,15178485
539,1732572890310,3,READ,1003,535.55,0.18,168.74,57.79,480.25,509.95,529.41,16189288,16278795
540,1732572890812,0,READ,90,3448.83,31.31,694.98,56.38,2041.86,3094.53,3448.83,5119896,5242880
541,1732572890812,1,READ,90,3115.01,31.1,789.35,1023.49,1349.63,3067.9,3115.01,5119928,5242880
542,1732572890812,2,READ,1004,525.82,0.51,175.69,65.22,485.89,508.67,524.8,15082344,15174490
543,1732572890812,3,READ,1003,535.04,0.1,185.09,60.86,487.42,507.9,519.42,16189304,16277189
544,1732572891313,0,READ,90,3325.95,32.8,733.52,58.66,2006.02,3098.62,3325.95,5119896,5242880
545,1732572891313,1,READ,90,3346.43,30.35,666.68,53.63,1479.68,2920.45,3346.43,5119928,5242880
546,1732572891313,2,READ,1003,524.8,0.01,184.47,61.5,486.91,508.42,523.52,15082344,15173953
547,1732572891313,3,READ,1003,524.29,0.14,180.09,58.37,484.86,502.53,523.01,16189288,16283373
548,1732572891815,0,READ,90,3010.56,30.75,607.05,56.67,1295.36,2748.41,3010.56,5119896,5242880
549,1732572891815,1,READ,89,3072.0,31.66,620.13,50.24,1328.13,2840.57,3072.0,5119928,5242880
550,1732572891815,2,READ,1006,524.29,0.3,186.9,68.29,486.4,507.39,518.14,15082344,15176726
551,1732572891815,3,READ,1003,523.77,0.31,186.46,54.85,484.1,505.86,517.63,16189288,16283484
552,1732572892317,0,READ,90,3270.66,31.23,714.49,976.38,1358.85,3119.1,3270.66,5119896,5242880
553,1732572892317,1,READ,90,3362.82,34.66,676.6,970.75,1267.71,3047.42,3362.82,5119912,5242880
554,1732572892317,2,READ,1000,539.65,0.26,171.68,66.81,484.1,510.46,531.97,15082328,15180250
555,1732572892317,3,READ,1003,527.36,0.19,164.67,59.68,481.54,506.11,521.47,16189272,16277030
556,1732572892819,0,READ,89,4024.32,32.93,632.61,57.63,1344.51,3031.04,4024.32,5119896,5242880
557,1732572892819,1,READ,90,2955.26,33.38,657.31,986.11,1248.26,2938.88,2955.26,5119912,5242880
558,1732572892819,2,READ,1002,519.42,0.66,172.76,63.07,484.86,508.16,518.14,15082344,15192295
559,1732572892819,3,READ,1002,530.43,0.35,167.71,56.29,481.79,505.86,527.36,16189304,16262749
560,1732572893322,0,READ,90,3395.58,31.52,739.35,1001.98,1260.54,3170.3,3395.58,5119896,5242880
561,1732572893322,1,READ,90,3129.34,34.3,648.76,62.69,1280.0,2951.17,3129.34,5119912,5242880
562,1732572893322,2,READ,1006,532.99,0.02,185.71,72.7,485.89,510.21,520.96,15082344,15174549
563,1732572893322,3,READ,1004,526.85,0.29,169.82,58.53,482.56,511.23,523.01,16189320,16282479
564,1732572893824,0,READ,89,2422.78,34.27,760.36,1044.48,1378.3,2185.22,2422.78,5119896,5242880
565,1732572893824,1,READ,90,3108.86,33.92,602.77,58.11,1271.81,2932.74,3108.86,5119912,5242880
566,1732572893824,2,READ,1003,517.63,0.38,147.1,68.67,475.9,508.93,515.58,15082344,15180057
567,1732572893824,3,READ,1002,539.65,0.03,138.46,60.26,475.13,502.53,517.63,16189336,16278008
568,1732572894326,0,READ,90,3117.05,33.86,774.54,995.84,1449.98,3076.09,3117.05,5119896,5242880
569,1732572894326,1,READ,90,3299.33,33.5,723.32,1011.71,1334.27,3020.8,3299.33,5119912,5242880
570,1732572894326,2,READ,1003,518.65,0.12,149.48,55.13,482.3,506.88,515.33,15082344,15175194
571,1732572894326,3,READ,1002,520.96,0.13,167.59,56.38,482.05,507.13,517.63,16189320,16281911
572,1732572894828,0,READ,90,3149.82,33.02,767.17,1003.01,2035.71,3080.19,3149.82,5119896,5242880
573,1732572894828,1,READ,90,3203.07,32.3,586.81,56.09,1309.69,2140.16,3203.07,5119896,5242880
574,1732572894828,2,READ,1002,528.89,0.02,165.37,58.34,482.56,509.95,523.26,15082376,15178111
575,1732572894828,3,READ,1004,528.89,0.02,172.27,55.77,483.84,508.42,520.45,16189320,16276504
576,1732572895329,0,READ,90,3272.7,31.41,805.52,1028.61,1456.13,2103.3,3272.7,5119896,5242880
577,1732572895329,1,READ,89,3143.68,34.02,711.58,1009.15,1257.47,2918.4,3143.68,5119896,5242880
578,1732572895329,2,READ,1003,516.86,0.1,156.79,61.57,481.79,508.16,516.86,15082376,15191393
579,1732572895329,3,READ,1004,552.45,0.53,164.16,56.32,483.84,506.11,524.03,16189320,16268119
580,1732572895831,0,READ,89,2973.7,30.94,708.07,1023.49,1354.75,2422.78,2973.7,5119896,5243828
581,1732572895831,1,READ,90,3135.49,30.72,670.06,61.18,1326.08,2863.1,3135.49,5119896,5242880
582,1732572895831,2,READ,1002,535.55,0.14,148.34,54.88,477.95,506.11,515.07,15082360,15195288
583,1732572895831,3,READ,1003,520.19,0.03,159.29,53.66,479.74,507.9,519.17,16189320,16260401
584,1732572896333,0,READ,89,3332.09,33.38,564.59,53.79,1269.76,2316.29,3332.09,5119896,5242880
585,1732572896333,1,READ,90,2957.31,29.25,660.16,1020.41,1196.03,2048.0,2957.31,5119896,5242880
586,1732572896333,2,READ,1006,560.13,0.21,164.99,58.3,485.89,510.46,522.24,15082344,15176769
587,1732572896333,3,READ,1003,531.97,0.37,156.72,52.41,480.77,506.88,517.63,16189320,16280053
588,1732572896835,0,READ,90,3190.78,33.79,761.18,1009.15,1358.85,3026.94,3190.78,5119896,5242880
589,1732572896835,1,READ,90,3012.61,34.91,763.46,1024.51,1288.19,2695.17,3012.61,5119896,5242880
590,1732572896835,2,READ,1003,538.11,0.14,162.82,55.81,484.1,509.18,538.11,15082344,15176082
591,1732572896835,3,READ,1004,518.65,0.1,182.98,58.14,485.89,509.69,517.63,16189304,16281147
592,1732572897337,0,READ,90,3000.32,34.37,647.1,61.41,1313.79,2136.06,3000.32,5119896,5242880
593,1732572897337,1,READ,90,2519.04,30.62,568.69,54.53,1220.61,2097.15,2519.04,5119896,5242880
594,1732572897337,2,READ,1002,529.92,0.0,184.02,65.34,485.63,506.88,523.26,15082344,15191636
595,1732572897337,3,READ,1002,523.52,0.1,177.14,55.65,485.63,506.88,516.1,16189336,16267831
596,1732572897839,0,READ,90,4014.08,34.05,812.65,1019.9,2028.54,2934.78,4014.08,5119896,5242880
597,1732572897839,1,READ,89,3747.84,33.63,875.41,1044.99,1981.44,2410.49,3747.84,5119896,5243828
598,1732572897839,2,READ,1004,533.5,0.06,176.73,62.66,484.86,508.16,522.5,15082328,15170399
599,1732572897839,3,READ,1002,522.24,0.02,163.24,54.08,482.56,508.42,521.47,16189352,16283360
600,1732572898341,0,READ,90,3137.53,33.5,789.54,1011.71,1951.74,3063.81,3137.53,5119896,5242880
601,1732572898341,1,READ,90,2951.17,30.29,644.44,69.95,1140.73,2246.66,2951.17,5119896,5242880
602,1732572898341,2,READ,1004,527.87,0.02,166.82,57.89,485.12,509.69,520.19,15082328,15173872
603,1732572898341,3,READ,1002,535.55,0.0,167.79,60.67,481.02,509.18,528.89,16189352,16283089
604,1732572898842,0,READ,90,3053.57,30.7,613.11,58.08,1282.05,2979.84,3053.57,5119896,5242880
605,1732572898842,1,READ,90,2959.36,29.76,612.36,59.71,1284.1,2174.97,2959.36,5119896,5242880
606,1732572898842,2,READ,1004,535.04,0.34,167.61,63.65,483.84,510.46,526.85,15082328,15176006
607,1732572898842,3,READ,1002,556.03,0.3,174.27,57.05,481.54,508.93,538.11,16189352,16281274
608,1732572899344,0,READ,89,3174.4,33.12,637.95,56.64,1289.21,3121.15,3174.4,5119896,5242880
609,1732572899344,1,READ,90,3121.15,34.11,633.89,58.24,1233.92,2985.98,3121.15,5119896,5242880
610,1732572899344,2,READ,1002,531.46,0.38,183.59,71.1,487.68,511.74,528.89,15082328,15172136
611,1732572899344,3,READ,1004,538.62,0.04,168.76,56.8,481.28,509.18,525.82,16189336,16284184
612,1732572899846,0,READ,90,3590.14,31.65,664.71,53.76,1569.79,3160.06,3590.14,5119864,5242880
613,1732572899846,1,READ,90,3620.86,31.38,637.27,54.05,1266.69,3606.53,3620.86,5119896,5242880
614,1732572899846,2,READ,1003,539.65,0.25,173.56,69.95,484.86,512.25,538.11,15082344,15176071
615,1732572899846,3,READ,1004,555.52,0.3,168.06,52.19,483.07,508.93,523.77,16189336,16278433
616,1732572900348,0,READ,90,3610.62,35.42,790.28,981.5,2080.77,3295.23,3610.62,5119864,5242880
617,1732572900348,1,READ,90,3016.7,34.37,712.78,1008.64,1294.34,2998.27,3016.7,5119896,5242880
618,1732572900348,2,READ,1003,539.65,0.18,169.53,59.23,484.35,510.98,527.36,15082344,15175363
619,1732572900348,3,READ,1001,543.74,0.33,181.97,55.49,484.86,509.69,536.06,16189320,16279097
620,1732572900850,0,READ,90,3268.61,31.92,712.61,1003.01,1445.89,2138.11,3268.61,5119864,5242880
621,1732572900850,1,READ,89,3477.5,33.34,646.28,68.86,1250.3,2951.17,3477.5,5119896,5242880
622,1732572900850,2,READ,1004,536.58,0.23,160.56,66.05,481.54,505.86,514.05,15082344,15178234
623,1732572900850,3,READ,1003,570.88,0.1,181.96,63.65,484.61,511.74,539.13,16189336,16279224
624,1732572901352,0,READ,90,3250.18,33.54,812.61,999.93,1600.51,3143.68,3250.18,5119864,5242880
625,1732572901352,1,READ,89,3551.23,33.79,747.07,1011.71,1315.84,3041.28,3551.23,5119896,5242880
626,1732572901352,2,READ,1002,516.1,0.33,155.45,62.56,480.25,501.5,515.07,15082328,15178942
627,1732572901352,3,READ,1002,531.97,0.07,161.73,55.97,482.05,513.02,525.31,16189336,16278988
628,1732572901854,0,READ,90,2066.43,30.59,599.36,66.05,1320.96,2056.19,2066.43,5119864,5242880
629,1732572901854,1,READ,90,2406.4,33.95,619.34,61.98,1260.54,2026.49,2406.4,5119912,5242880
630,1732572901854,2,READ,1004,540.67,0.21,157.12,69.06,477.18,515.07,519.93,15082312,15172277
631,1732572901854,3,READ,1005,527.36,0.08,166.7,58.02,485.38,509.69,521.98,16189288,16285003
632,1732572902356,0,READ,89,3786.75,31.33,766.12,1032.19,1419.26,3080.19,3786.75,5119880,5242880
633,1732572902356,1,READ,90,3004.41,34.53,726.39,60.99,1958.91,2998.27,3004.41,5119912,5242880
634,1732572902356,2,READ,1004,525.31,0.14,170.72,78.78,484.35,513.28,524.8,15082328,15172584
635,1732572902356,3,READ,1004,533.5,0.25,152.1,59.97,477.44,505.34,519.17,16189288,16283300
636,1732572902858,0,READ,90,3160.06,34.4,740.61,998.91,1375.23,3102.72,3160.06,5119880,5242880
637,1732572902858,1,READ,90,2121.73,34.02,569.28,56.22,1268.73,2082.82,2121.73,5119912,5242880
638,1732572902858,2,READ,1002,532.99,0.01,172.89,73.53,478.72,509.44,529.41,15082344,15168587
639,1732572902858,3,READ,1002,535.55,0.1,166.68,61.95,481.54,511.49,527.87,16189272,16285449
640,1732572903359,0,READ,90,3829.76,34.18,731.83,1008.64,1301.5,3143.68,3829.76,5119880,5242880
641,1732572903359,1,READ,90,3803.14,31.78,706.44,1000.96,1193.98,2949.12,3803.14,5119912,5242880
642,1732572903359,2,READ,1003,519.42,0.24,175.84,78.85,480.0,507.39,516.86,15082328,15177392
643,1732572903359,3,READ,1003,521.22,0.26,177.39,67.07,482.56,511.23,518.14,16189272,16277194
644,1732572903861,0,READ,90,3432.45,34.08,641.71,61.73,1301.5,3020.8,3432.45,5119880,5242880
645,1732572903861,1,READ,89,3153.92,34.75,554.74,57.12,1208.32,2308.09,3153.92,5119912,5242880
646,1732572903861,2,READ,1003,530.94,0.28,162.29,61.57,476.67,508.16,528.38,15082328,15181338
647,1732572903861,3,READ,1002,534.01,0.12,154.79,59.13,473.6,510.72,534.01,16189272,16276866
648,1732572904363,0,READ,90,3497.98,34.43,862.65,1029.63,1957.89,3141.63,3497.98,5119880,5242880
649,1732572904363,1,READ,90,3280.89,34.88,732.53,1001.98,1298.43,2926.59,3280.89,5119912,5242880
650,1732572904363,2,READ,1003,548.86,0.03,188.06,73.41,486.65,510.98,528.89,15082328,15174516
651,1732572904363,3,READ,1003,524.29,0.03,162.61,60.13,480.51,506.11,522.24,16189288,16279891
652,1732572904865,0,READ,89,3135.49,30.43,890.26,1041.41,2051.07,3059.71,3135.49,5119880,5242880
653,1732572904865,1,READ,90,3483.65,33.73,825.43,1012.22,1403.9,3153.92,3483.65,5119912,5242880
654,1732572904865,2,READ,1003,534.01,0.02,185.11,74.81,482.56,512.0,531.97,15082360,15170109
655,1732572904865,3,READ,1003,528.38,0.11,190.57,72.96,485.12,507.39,524.8,16189288,16283954
656,1732572905367,0,READ,90,2957.31,32.99,688.74,966.14,1249.28,2510.85,2957.31,5119880,5242880
657,1732572905367,1,READ,90,3010.56,32.08,676.75,67.33,1364.99,2852.86,3010.56,5119912,5242880
658,1732572905367,2,READ,1006,522.24,0.3,210.96,93.57,485.63,513.02,521.98,15082344,15180620
659,1732572905367,3,READ,1004,530.94,0.17,191.61,69.06,482.56,513.79,521.47,16189288,16279833
660,1732572905869,0,READ,89,3397.63,31.55,917.11,1042.94,1727.49,3280.89,3397.63,5119880,5242880
661,1732572905869,1,READ,90,3164.16,32.69,677.94,51.97,1382.4,3090.43,3164.16,5119912,5242880
662,1732572905869,2,READ,1004,519.93,0.25,197.54,89.53,483.33,508.42,515.84,15082344,15164469
663,1732572905869,3,READ,1004,530.94,0.02,190.77,65.6,481.28,508.67,528.38,16189304,16292811
664,1732572906371,0,READ,90,3911.68,31.42,579.44,54.59,1280.0,3096.57,3911.68,5119880,5242880
665,1732572906371,1,READ,90,3600.38,30.32,838.7,1029.12,1748.99,3131.39,3600.38,5119912,5242880
666,1732572906371,2,READ,999,528.89,0.03,189.17,86.27,481.79,507.39,518.91,15082344,15188832
667,1732572906371,3,READ,1004,517.12,0.07,185.62,67.14,483.58,504.83,515.84,16189288,16264614
668,1732572906873,0,READ,90,3127.3,34.18,652.55,64.19,1377.28,2144.26,3127.3,5119880,5242880
669,1732572906873,1,READ,90,3137.53,32.75,591.86,60.61,1170.43,2033.66,3137.53,5119912,5242880
670,1732572906873,2,READ,1006,547.33,0.43,208.41,100.42,481.79,508.93,519.42,15082344,15177365
671,1732572906873,3,READ,1003,522.75,0.35,199.61,68.16,486.65,509.69,520.96,16189272,16280003
672,1732572907375,0,READ,90,3028.99,34.05,591.6,71.3,1163.26,2011.13,3028.99,5119880,5242880
673,1732572907375,1,READ,89,2904.06,33.76,644.39,930.82,1244.16,2365.44,2904.06,5119928,5242880
674,1732572907375,2,READ,1003,539.13,0.34,195.25,83.97,480.25,507.9,534.53,15082344,15169109
675,1732572907375,3,READ,1003,524.29,0.14,213.26,91.84,483.84,508.42,520.19,16189272,16287258
676,1732572907876,0,READ,90,2920.45,33.73,612.01,60.67,1320.96,2271.23,2920.45,5119880,5242880
677,1732572907876,1,READ,90,3024.89,30.24,540.41,58.85,1195.01,2129.92,3024.89,5119928,5242880
678,1732572907876,2,READ,999,992.77,0.15,180.29,75.07,480.51,507.65,543.23,15082344,15173403
679,1732572907876,3,READ,1003,535.55,0.38,174.02,63.55,481.28,509.18,526.34,16189272,16280934
680,1732572908378,0,READ,89,3817.47,33.57,804.1,1012.74,1431.55,3307.52,3817.47,5119880,5242880
681,1732572908378,1,READ,90,3129.34,34.4,679.84,59.55,1484.8,3094.53,3129.34,5119912,5242880
682,1732572908378,2,READ,1002,533.5,0.1,188.32,73.98,486.14,508.67,524.03,15090992,15175689
683,1732572908378,3,READ,1004,542.21,0.1,184.29,63.42,482.56,509.69,528.38,16189272,16278791
684,1732572908880,0,READ,90,3434.49,33.5,734.99,60.83,1971.2,3213.31,3434.49,5119880,5242880
685,1732572908880,1,READ,90,3213.31,33.6,640.25,60.7,1213.44,3084.29,3213.31,5119912,5242880
686,1732572908880,2,READ,1002,528.38,0.42,176.16,71.55,483.07,509.95,524.8,15082360,15177201
687,1732572908880,3,READ,1001,523.26,0.73,189.17,74.5,481.02,505.86,515.33,16189272,16274807
688,1732572909382,0,READ,90,3110.91,34.02,690.03,997.89,1332.22,2478.08,3110.91,5119880,5242880
689,1732572909382,1,READ,89,4036.61,33.95,557.67,59.2,1165.31,2150.4,4036.61,5119912,5242880
690,1732572909382,2,READ,1004,525.82,0.4,199.48,79.87,481.54,510.72,523.52,15082360,15175752
691,1732572909382,3,READ,1004,525.31,0.04,196.39,68.35,482.05,510.98,523.52,16189288,16278716
692,1732572909884,0,READ,90,2211.84,32.45,589.79,62.88,1303.55,2091.01,2211.84,5119896,5242880
693,1732572909884,1,READ,89,3592.19,33.28,793.54,997.38,1321.98,2918.4,3592.19,5119912,5242880
694,1732572909884,2,READ,1002,526.85,0.33,201.33,86.4,485.63,507.13,516.61,15082360,15187136
695,1732572909884,3,READ,1004,529.41,0.35,216.3,80.77,486.65,507.65,513.28,16189272,16274938
696,1732572910386,0,READ,90,3715.07,32.46,650.28,57.92,1330.17,3205.12,3715.07,5119896,5242880
697,1732572910386,1,READ,90,3534.85,31.71,814.34,1006.08,1945.6,3031.04,3534.85,5119912,5242880
698,1732572910386,2,READ,1008,523.77,0.43,228.64,122.11,488.19,508.16,517.63,15082360,15175564
699,1732572910386,3,READ,1004,525.31,0.03,235.8,121.66,489.21,510.46,521.47,16189272,16281716
700,1732572910888,0,READ,90,3080.19,30.35,789.47,990.72,2072.57,2990.08,3080.19,5119896,5242880
701,1732572910888,1,READ,89,3031.04,31.62,648.91,60.13,1361.92,2947.07,3031.04,5119912,5242880
702,1732572910888,2,READ,1002,531.97,0.06,218.06,120.45,486.4,510.98,520.96,15082360,15174888
703,1732572910888,3,READ,1004,543.23,0.17,194.36,69.31,483.33,511.23,542.21,16189256,16282279
704,1732572911390,0,READ,89,3373.05,33.82,693.66,59.65,1357.82,3289.09,3373.05,5119896,5242880
705,1732572911390,1,READ,90,3117.05,34.72,628.91,55.68,1246.21,2328.57,3117.05,5119928,5242880
706,1732572911390,2,READ,1003,521.22,0.02,214.07,109.38,486.14,509.69,519.93,15082360,15178965
707,1732572911390,3,READ,1003,538.11,0.11,206.55,69.18,484.86,508.67,531.46,16189272,16278613
708,1732572911892,0,READ,90,3055.61,33.57,679.54,63.49,1263.62,3022.85,3055.61,5119896,5242880
709,1732572911892,1,READ,90,3141.63,31.17,731.79,997.38,1352.7,3031.04,3141.63,5119928,5242880
710,1732572911892,2,READ,1003,516.86,0.11,203.06,94.27,481.79,506.62,516.35,15082344,15174885
711,1732572911892,3,READ,1003,522.24,0.42,218.33,87.04,486.4,508.42,518.65,16189272,16282538
712,1732572912394,0,READ,90,2383.87,33.41,660.81,61.22,1956.86,2160.64,2383.87,5119896,5242880
713,1732572912394,1,READ,90,3411.97,30.96,619.85,79.23,1288.19,2119.68,3411.97,5119928,5242880
714,1732572912394,2,READ,1002,528.38,0.23,176.14,62.14,483.84,505.09,512.25,15082344,15175466
715,1732572912394,3,READ,1002,522.5,0.14,206.18,80.38,481.79,506.62,521.47,16189256,16279000
716,1732572912896,0,READ,88,3172.35,33.09,560.4,54.05,1266.69,3031.04,3172.35,5119896,5242880
717,1732572912896,1,READ,90,3104.77,35.01,719.66,1004.03,1347.58,3096.57,3104.77,5119928,5242880
718,1732572912896,2,READ,1004,523.26,0.23,214.51,107.2,486.91,510.46,522.5,15082344,15167254
719,1732572912896,3,READ,1001,532.48,0.3,205.39,70.53,483.58,506.11,517.12,16189256,16292364
720,1732572913398,0,READ,90,3227.65,32.86,663.66,64.99,1309.69,3201.02,3227.65,5119896,5242880
721,1732572913398,1,READ,89,3287.04,31.7,612.31,54.85,1257.47,2920.45,3287.04,5119928,5242880
722,1732572913398,2,READ,1004,536.06,0.15,201.54,87.87,484.61,509.69,522.5,15082344,15169847
723,1732572913398,3,READ,1005,518.65,0.02,201.88,77.44,486.14,508.16,512.77,16189256,16287367
724,1732572913900,0,READ,90,3500.03,34.4,692.19,56.54,2138.11,3115.01,3500.03,5119896,5242880
725,1732572913900,1,READ,90,2816.0,34.11,731.16,996.86,1965.06,2564.09,2816.0,5119928,5242880
726,1732572913900,2,READ,1004,527.87,0.13,209.05,97.47,486.65,511.49,526.34,15082344,15171803
727,1732572913900,3,READ,1002,532.48,0.14,200.21,72.89,486.14,507.13,524.8,16189256,16288099
728,1732572914402,0,READ,89,3547.14,32.5,624.79,58.75,1372.16,2908.16,3547.14,5119896,5242880
729,1732572914402,1,READ,90,3420.16,31.23,646.94,56.45,1276.93,3393.53,3420.16,5119928,5242880
730,1732572914402,2,READ,1001,529.92,0.27,203.09,93.95,486.14,506.62,517.63,15082344,15166187
731,1732572914402,3,READ,1001,534.53,0.24,199.12,65.18,485.63,509.95,529.41,16189256,16287699
732,1732572914904,0,READ,90,5390.34,32.46,805.71,991.23,1985.54,3141.63,5390.34,5119896,5242880
733,1732572914904,1,READ,90,3311.61,33.12,618.62,60.41,1225.73,2852.86,3311.61,5119928,5242880
734,1732572914904,2,READ,1004,530.94,0.01,212.9,97.6,485.38,510.46,525.82,15082360,15175904
735,1732572914904,3,READ,1003,565.76,0.06,197.45,72.83,486.91,508.93,527.36,16189256,16281658
736,1732572915406,0,READ,90,3274.75,33.86,790.22,989.18,2036.73,3172.35,3274.75,5119896,5242880
737,1732572915406,1,READ,90,2977.79,30.94,680.71,975.87,1309.69,2369.53,2977.79,5119928,5242880
738,1732572915406,2,READ,1003,529.92,0.35,192.62,80.51,483.07,504.32,515.33,15082392,15167914
739,1732572915406,3,READ,1004,530.43,0.15,183.36,59.07,485.89,512.25,527.36,16189256,16288310
740,1732572915907,0,READ,90,3627.01,34.5,734.68,995.33,1438.72,3129.34,3627.01,5119896,5242880
741,1732572915907,1,READ,90,3194.88,33.66,706.21,991.23,1400.83,3020.8,3194.88,5119928,5242880
742,1732572915907,2,READ,1004,532.99,0.22,165.61,60.09,477.95,507.39,526.34,15082392,15177090
743,1732572915907,3,READ,1004,529.41,0.02,173.43,57.63,483.07,510.72,522.24,16189256,16277478
744,1732572916410,0,READ,90,3172.35,33.86,856.32,1038.85,1440.77,3172.35,3172.35,5119896,5242880
745,1732572916410,1,READ,89,3094.53,34.11,716.67,966.65,1364.99,2961.41,3094.53,5119928,5243876
746,1732572916410,2,READ,1003,535.04,0.43,170.71,65.73,483.33,510.21,533.5,15082392,15171964
747,1732572916410,3,READ,1004,526.34,0.1,169.71,60.26,480.51,507.13,525.82,16189256,16287458
748,1732572916912,0,READ,89,3053.57,34.98,810.1,1029.63,2032.64,3049.47,3053.57,5119896,5243828
749,1732572916912,1,READ,90,3698.69,34.21,751.94,1038.34,1893.38,2224.13,3698.69,5119928,5242880
750,1732572916912,2,READ,1001,524.29,0.22,153.59,61.89,481.79,511.74,523.01,15082392,15172716
751,1732572916912,3,READ,1005,532.99,0.3,143.31,53.7,481.02,508.67,522.75,16189240,16282063
752,1732572917414,0,READ,90,3182.59,32.93,588.58,53.73,1348.61,2961.41,3182.59,5119896,5242880
753,1732572917414,1,READ,90,2951.17,33.54,648.97,58.98,1408.0,2099.2,2951.17,5119928,5242880
754,1732572917414,2,READ,1001,551.93,0.11,154.79,66.69,471.81,505.09,515.58,15082376,15193387
755,1732572917414,3,READ,1003,535.55,0.15,145.65,57.02,479.23,509.44,528.38,16189256,16260596
756,1732572917916,0,READ,89,2836.48,33.82,625.24,57.38,1327.1,2148.35,2836.48,5119912,5242880
757,1732572917916,1,READ,90,2967.55,30.94,616.68,951.29,1168.38,2056.19,2967.55,5119928,5242880
758,1732572917916,2,READ,1006,528.89,0.54,174.78,77.25,476.42,502.78,517.89,15082360,15177828
759,1732572917916,3,READ,1003,524.29,0.23,175.84,59.13,484.61,508.42,520.7,16189256,16282451
760,1732572918418,0,READ,90,3786.75,33.6,682.18,986.11,1330.17,3233.79,3786.75,5119912,5242880
761,1732572918418,1,READ,90,1484.8,33.09,499.04,58.78,1173.5,1435.65,1484.8,5119928,5242880
762,1732572918418,2,READ,1004,542.21,0.03,171.91,71.23,481.28,506.37,521.98,15082360,15167732
763,1732572918418,3,READ,1002,517.38,0.14,190.41,65.41,486.65,510.46,514.82,16189240,16288619
764,1732572918920,0,READ,90,3047.42,33.6,628.3,55.77,1385.47,2910.21,3047.42,5119912,5242880
765,1732572918920,1,READ,90,3155.97,34.3,723.31,976.89,1363.97,2914.3,3155.97,5119928,5242880
766,1732572918920,2,READ,1003,525.31,0.01,186.85,77.06,481.79,508.42,522.5,15082392,15173611
767,1732572918920,3,READ,1004,566.27,0.5,198.38,63.42,485.63,508.93,546.3,16189224,16280739
768,1732572919422,0,READ,90,3031.04,34.34,645.33,58.66,1354.75,3031.04,3031.04,5119912,5242880
769,1732572919422,1,READ,90,3104.77,30.83,662.94,971.26,1248.26,2893.82,3104.77,5119928,5243828
770,1732572919422,2,READ,1003,565.25,0.12,191.68,87.04,485.38,507.9,528.38,15082392,15176315
771,1732572919422,3,READ,1004,537.09,0.1,199.42,63.36,486.91,510.46,529.92,16189240,16278172
772,1732572919923,0,READ,90,3010.56,33.92,736.97,1003.52,1355.78,2973.7,3010.56,5119912,5242880
773,1732572919923,1,READ,89,3428.35,34.14,783.7,1010.69,1370.11,2947.07,3428.35,5119928,5242880
774,1732572919923,2,READ,1002,524.29,0.12,204.51,87.36,486.14,508.93,521.98,15082392,15180869
775,1732572919923,3,READ,1003,537.6,0.05,218.33,84.99,487.17,513.28,525.82,16189240,16272065
776,1732572920426,0,READ,90,3084.29,33.86,782.16,1004.54,1943.55,2961.41,3084.29,5119912,5242880
777,1732572920426,1,READ,90,3512.32,32.8,717.99,65.73,1944.58,3059.71,3512.32,5119928,5242880
778,1732572920426,2,READ,1003,575.49,0.04,207.82,90.69,488.7,510.46,556.54,15082392,15188771
779,1732572920426,3,READ,1003,594.94,0.09,205.65,72.0,487.68,510.98,531.97,16189240,16264941
780,1732572920928,0,READ,89,3108.86,33.34,679.01,989.7,1349.63,2359.3,3108.86,5119912,5242880
781,1732572920928,1,READ,90,2908.16,35.26,702.15,993.79,1263.62,2848.77,2908.16,5119928,5242880
782,1732572920928,2,READ,1007,529.41,0.04,207.57,89.86,485.38,509.18,521.22,15082408,15167762
783,1732572920928,3,READ,1002,529.41,0.1,180.8,62.49,480.25,506.62,515.84,16189256,16289518
784,1732572921430,0,READ,90,3182.59,33.92,785.59,1010.69,1977.34,3104.77,3182.59,5119928,5242880
785,1732572921430,1,READ,90,5054.46,34.5,731.89,987.13,1160.19,3213.31,5054.46,5119928,5242880
786,1732572921430,2,READ,1000,527.87,0.07,190.19,83.2,478.98,507.39,520.19,15082424,15177229
787,1732572921430,3,READ,1005,526.85,0.1,187.2,64.42,484.61,506.88,526.85,16189256,16277732
788,1732572921932,0,READ,90,3192.83,33.28,620.9,59.55,1311.74,2189.31,3192.83,5119928,5242880
789,1732572921932,1,READ,90,3045.38,33.92,644.14,989.18,1233.92,2459.65,3045.38,5119912,5242880
790,1732572921932,2,READ,1003,521.73,0.23,178.52,67.58,480.25,505.6,520.7,15082424,15175768
791,1732572921932,3,READ,1002,523.77,0.16,186.7,56.9,483.84,510.21,518.14,16189240,16276052
792,1732572922434,0,READ,90,3489.79,31.25,658.46,988.16,1283.07,2275.33,3489.79,5119912,5242880
793,1732572922434,1,READ,90,3235.84,30.35,667.85,985.09,1102.85,3162.11,3235.84,5119912,5242880
794,1732572922434,2,READ,1003,525.82,0.06,178.76,72.89,481.79,508.42,521.47,15082424,15173647
795,1732572922434,3,READ,1003,536.58,0.08,188.34,63.42,485.38,505.86,524.29,16189272,16281007
796,1732572922936,0,READ,90,3127.3,33.76,664.73,60.29,1348.61,3043.33,3127.3,5119912,5242880
797,1732572922936,1,READ,90,3112.96,34.5,741.11,980.99,1382.4,3074.05,3112.96,5119912,5242880
798,1732572922936,2,READ,1005,519.68,0.1,188.92,73.53,483.07,508.16,519.17,15082408,15175084
799,1732572922936,3,READ,1004,523.01,0.19,184.47,54.85,484.35,505.86,517.63,16189320,16282196
800,1732572923438,0,READ,90,3131.39,33.47,765.29,1001.47,1455.1,3110.91,3131.39,5119912,5242880
801,1732572923438,1,READ,90,3289.09,33.34,779.19,1024.51,1177.6,3213.31,3289.09,5119912,5242880
802,1732572923438,2,READ,999,542.21,0.14,167.13,62.62,481.28,506.62,514.56,15082408,15189996
803,1732572923438,3,READ,1003,536.06,0.03,180.76,57.44,486.91,509.44,530.94,16189320,16268870
804,1732572923940,0,READ,89,2940.93,33.44,583.38,59.04,1320.96,2193.41,2940.93,5119912,5242880
805,1732572923940,1,READ,89,3112.96,29.81,624.94,55.49,1264.64,2998.27,3112.96,5119912,5242880
806,1732572923940,2,READ,1005,523.26,0.23,177.68,70.33,481.54,502.78,515.07,15082408,15176853
807,1732572923940,3,READ,1003,523.77,0.0,175.55,53.85,485.89,509.95,521.98,16189320,16280427
808,1732572924442,0,READ,90,3106.82,33.25,645.84,60.03,1359.87,3012.61,3106.82,5119912,5242880
809,1732572924442,1,READ,90,3088.38,33.76,703.53,1024.51,1176.58,2893.82,3088.38,5119912,5242880
810,1732572924442,2,READ,1003,529.92,0.43,143.46,60.09,474.37,503.3,512.0,15082408,15173063
811,1732572924442,3,READ,1005,539.13,0.19,144.17,49.53,480.51,512.25,518.91,16189320,16284139
812,1732572924944,0,READ,89,3201.02,33.18,581.9,52.64,1306.62,2920.45,3201.02,5119912,5242880
813,1732572924944,1,READ,90,3393.53,32.5,828.64,1016.83,1429.5,3352.57,3393.53,5119912,5242880
814,1732572924944,2,READ,1004,518.14,0.05,151.69,57.22,479.74,506.88,518.14,15082424,15175988
815,1732572924944,3,READ,1003,524.29,0.06,159.55,49.41,484.61,507.13,516.86,16189320,16281486
816,1732572925446,0,READ,90,3102.72,30.62,741.81,999.93,1430.53,3076.09,3102.72,5119912,5242880
817,1732572925446,1,READ,90,3379.2,32.02,761.22,1009.15,1324.03,3078.14,3379.2,5119912,5242880
818,1732572925446,2,READ,1003,525.31,0.5,155.5,56.26,481.79,507.39,519.68,15082424,15177432
819,1732572925446,3,READ,1002,531.46,0.3,171.29,51.81,486.14,509.95,522.5,16189320,16282540
820,1732572925948,0,READ,90,3158.01,34.24,843.13,1040.38,1449.98,3123.2,3158.01,5119912,5242880
821,1732572925948,1,READ,90,3203.07,31.6,671.31,54.81,1294.34,3155.97,3203.07,5119912,5242880
822,1732572925948,2,READ,1004,526.34,0.36,143.48,60.22,476.42,509.44,522.5,15082408,15175417
823,1732572925948,3,READ,1004,529.92,0.02,170.09,53.82,489.21,516.61,529.41,16189304,16279030
824,1732572926450,0,READ,90,3373.05,35.42,701.74,58.46,1598.46,3368.96,3373.05,5119912,5242880
825,1732572926450,1,READ,90,3053.57,35.3,806.43,1024.0,1970.17,2961.41,3053.57,5119912,5242880
826,1732572926450,2,READ,1005,554.5,0.07,148.38,60.58,478.21,505.34,514.82,15082392,15166614
827,1732572926450,3,READ,1002,524.29,0.25,153.03,55.97,483.07,511.23,521.73,16189288,16295164
828,1732572926952,0,READ,90,3121.15,33.09,737.53,996.35,1417.21,2904.06,3121.15,5119912,5242880
829,1732572926952,1,READ,90,2994.18,35.2,543.28,51.62,1215.49,1983.49,2994.18,5119912,5242880
830,1732572926952,2,READ,1000,556.54,0.02,154.36,63.68,477.18,508.93,529.92,15082344,15175654
831,1732572926952,3,READ,1005,530.94,0.02,165.82,57.76,485.63,513.79,525.31,16189320,16276346
832,1732572927454,0,READ,90,3123.2,29.17,665.66,55.94,1330.17,3123.2,3123.2,5119912,5242880
833,1732572927454,1,READ,89,3045.38,31.92,754.19,1026.56,1318.91,3035.14,3045.38,5119912,5242880
834,1732572927454,2,READ,1007,515.58,0.47,167.3,63.04,482.56,505.09,510.98,15082360,15179212
835,1732572927454,3,READ,1004,540.16,0.33,165.96,53.41,483.84,510.46,524.8,16189304,16281169
836,1732572927956,0,READ,89,3411.97,34.66,784.09,1002.5,2016.26,3178.49,3411.97,5119912,5242880
837,1732572927956,1,READ,90,3995.65,33.44,845.28,1033.21,1851.39,3090.43,3995.65,5119896,5242880
838,1732572927956,2,READ,1003,525.82,0.17,179.04,66.05,487.17,510.72,524.29,15082360,15173744
839,1732572927956,3,READ,1005,523.01,0.0,168.66,51.65,481.54,507.13,520.45,16189320,16283062
840,1732572928458,0,READ,90,3045.38,30.77,716.63,982.01,1417.21,3043.33,3045.38,5119912,5242880
841,1732572928458,1,READ,90,3133.44,34.66,663.59,63.68,1278.97,2988.03,3133.44,5119896,5242880
842,1732572928458,2,READ,1004,527.36,0.06,149.34,56.7,478.21,508.42,518.65,15082344,15180020
843,1732572928458,3,READ,1001,537.6,0.11,148.72,51.13,480.0,507.9,527.36,16189336,16280484
844,1732572928960,0,READ,90,3555.33,34.72,660.3,59.13,1246.21,3147.78,3555.33,5119912,5242880
845,1732572928960,1,READ,90,3201.02,34.18,642.59,942.59,1167.36,2969.6,3201.02,5119896,5242880
846,1732572928960,2,READ,1002,540.16,0.11,154.07,60.7,480.51,507.13,521.22,15082344,15173151
847,1732572928960,3,READ,1004,534.01,0.01,161.53,54.46,476.16,504.06,518.91,16189336,16284062
848,1732572929462,0,READ,90,3643.39,34.08,777.18,57.63,2053.12,3364.86,3643.39,5119912,5242880
849,1732572929462,1,READ,90,3309.57,32.9,820.18,1030.14,1984.51,3188.74,3309.57,5119896,5242880
850,1732572929462,2,READ,1004,516.61,0.13,151.58,52.48,481.54,504.06,516.61,15082344,15177262
851,1732572929462,3,READ,1003,531.97,0.17,177.64,57.57,484.35,505.86,530.43,16189336,16280480
852,1732572929964,0,READ,90,2275.33,34.14,715.76,1012.22,1409.02,2085.89,2275.33,5119912,5242880
853,1732572929964,1,READ,90,2957.31,33.57,671.76,988.16,1247.23,2856.96,2957.31,5119896,5242880
854,1732572929964,2,READ,1004,523.77,0.02,195.56,82.94,486.65,508.16,519.17,15082360,15171507
855,1732572929964,3,READ,1003,551.42,0.02,168.32,52.67,481.02,512.25,525.82,16198000,16288377
856,1732572930466,0,READ,90,3270.66,33.15,745.52,1023.49,1409.02,3184.64,3270.66,5119912,5242880
857,1732572930466,1,READ,90,3088.38,33.89,758.31,1016.83,1958.91,2152.45,3088.38,5119896,5242880
858,1732572930466,2,READ,1004,522.5,0.02,164.12,60.86,484.61,508.93,521.98,15082360,15171931
859,1732572930466,3,READ,1002,517.89,0.02,148.35,53.47,480.51,505.34,515.58,16189336,16287995
860,1732572930968,0,READ,90,3180.54,35.49,663.41,63.1,1363.97,2134.01,3180.54,5119928,5242880
861,1732572930968,1,READ,89,3467.26,35.04,624.09,987.13,1166.34,1982.46,3467.26,5119896,5242880
862,1732572930968,2,READ,1002,574.98,0.14,147.33,55.94,476.93,506.88,526.34,15082360,15171972
863,1732572930968,3,READ,1003,517.89,0.08,151.92,59.58,476.93,509.44,516.1,16189336,16279388
864,1732572931469,0,READ,89,3072.0,30.62,727.06,1018.37,1367.04,2250.75,3072.0,5119928,5242880
865,1732572931469,1,READ,90,3717.12,34.08,833.55,1027.58,1408.0,3215.36,3717.12,5119896,5242880
866,1732572931469,2,READ,1004,526.34,0.11,163.73,59.26,477.95,503.3,520.19,15082360,15161204
867,1732572931469,3,READ,1002,554.5,0.0,178.6,67.14,484.35,514.05,548.86,16189336,16292371
868,1732572931971,0,READ,90,3188.74,33.09,728.18,1031.17,1304.58,3149.82,3188.74,5119928,5242880
869,1732572931971,1,READ,90,3323.9,32.1,637.05,63.26,1229.82,3028.99,3323.9,5119880,5242880
870,1732572931971,2,READ,1003,525.31,0.09,147.1,60.13,472.83,500.99,512.51,15082360,15182496
871,1732572931971,3,READ,1006,523.26,0.3,134.47,53.25,476.16,506.37,514.3,16189352,16281207
872,1732572932473,0,READ,90,3098.62,30.77,536.52,48.99,1218.56,2822.14,3098.62,5119928,5242880
873,1732572932473,1,READ,90,2031.62,35.14,528.91,54.98,1121.28,1373.18,2031.62,5119880,5242880
874,1732572932473,2,READ,1004,526.85,0.1,174.41,69.31,484.61,508.67,513.02,15082376,15179786
875,1732572932473,3,READ,1003,522.75,0.12,140.38,51.17,476.16,502.27,514.56,16189336,16280615
876,1732572932975,0,READ,90,3549.18,32.9,623.87,56.19,1291.26,3401.73,3549.18,5119928,5242880
877,1732572932975,1,READ,90,3336.19,33.34,715.17,1000.45,1308.67,3198.97,3336.19,5119880,5242880
878,1732572932975,2,READ,1000,516.61,0.15,186.23,68.8,483.84,504.32,512.77,15082360,15191206
879,1732572932975,3,READ,1003,524.8,0.5,170.31,53.22,484.86,508.42,520.96,16189352,16268196
880,1732572933477,0,READ,90,3028.99,32.48,627.51,58.3,1317.89,2211.84,3028.99,5119928,5242880
881,1732572933477,1,READ,90,3024.89,34.46,629.06,72.0,1241.09,2744.32,3024.89,5119880,5243828
882,1732572933477,2,READ,1006,528.38,0.11,159.37,59.77,481.79,508.93,524.8,15082360,15189168
883,1732572933477,3,READ,1004,547.84,0.45,140.23,51.23,475.65,506.11,522.5,16189352,16269984
884,1732572933979,0,READ,90,3139.58,32.66,761.36,1021.95,1335.3,3106.82,3139.58,5119928,5242880
885,1732572933979,1,READ,89,2076.67,31.3,650.99,983.04,1343.49,2076.67,2076.67,5119880,5242880
886,1732572933979,2,READ,1004,521.22,0.13,173.84,65.53,481.79,505.86,519.93,15082376,15175840
887,1732572933979,3,READ,1003,520.45,0.25,150.93,50.11,477.69,506.37,518.65,16189352,16279094
888,1732572934481,0,READ,89,3663.87,34.05,667.23,73.79,1367.04,2369.53,3663.87,5119928,5242880
889,1732572934481,1,READ,90,3145.73,35.3,671.68,101.18,1243.13,2938.88,3145.73,5119880,5242880
890,1732572934481,2,READ,1003,527.36,0.34,178.79,73.02,483.84,502.01,518.65,15082376,15186143
891,1732572934481,3,READ,1003,523.26,0.0,174.7,58.53,485.89,509.44,515.84,16189352,16270157
892,1732572934983,0,READ,90,3135.49,33.7,783.28,1036.29,1395.71,2996.22,3135.49,5119928,5242880
893,1732572934983,1,READ,90,3024.89,34.91,680.28,1005.05,1258.49,2435.07,3024.89,5119880,5242880
894,1732572934983,2,READ,1004,515.33,0.15,184.3,75.14,477.44,501.5,512.77,15082408,15176546
895,1732572934983,3,READ,1003,521.47,0.5,164.31,55.65,484.61,508.67,520.45,16189368,16280734
896,1732572935485,0,READ,90,3551.23,31.44,559.25,58.85,1171.45,2059.26,3551.23,5119928,5242880
897,1732572935485,1,READ,90,3276.8,34.69,586.12,59.97,1152.0,3078.14,3276.8,5119864,5242880
898,1732572935485,2,READ,1003,521.47,0.13,207.22,88.89,487.68,507.9,521.47,15082408,15172873
899,1732572935485,3,READ,1002,551.42,0.09,201.96,68.48,486.65,506.37,528.89,16189368,16284307
900,1732572935987,0,READ,90,3178.49,33.02,724.57,979.97,1371.13,3063.81,3178.49,5119912,5242880
901,1732572935987,1,READ,90,3346.43,34.02,591.84,66.75,1128.45,2314.24,3346.43,5119864,5242880
902,1732572935987,2,READ,1003,523.77,0.32,199.14,83.39,483.84,503.55,520.45,15082440,15177998
903,1732572935987,3,READ,1004,521.73,0.1,168.35,57.76,483.58,508.16,520.96,16189384,16279874
904,1732572936489,0,READ,90,3506.18,34.11,897.87,1037.82,2057.22,3338.24,3506.18,5119912,5242880
905,1732572936489,1,READ,90,3391.49,33.47,768.99,990.72,1987.58,3063.81,3391.49,5119864,5242880
906,1732572936489,2,READ,1004,551.93,0.11,177.96,62.37,483.07,506.88,520.19,15082440,15175425
907,1732572936489,3,READ,1002,539.13,0.01,174.4,57.57,483.84,508.42,536.06,16189384,16282064
908,1732572936991,0,READ,90,3055.61,34.08,738.2,1012.22,1530.88,2945.02,3055.61,5119912,5242880
909,1732572936991,1,READ,90,3201.02,32.4,620.44,74.3,1218.56,2115.58,3201.02,5119848,5242880
910,1732572936991,2,READ,1007,529.92,0.14,182.05,72.25,478.46,508.93,521.98,15082440,15165720
911,1732572936991,3,READ,1006,520.45,0.03,192.7,68.22,485.12,508.67,518.65,16189384,16289134
912,1732572937360,0,READ,65,3571.71,33.18,692.4,60.13,1981.44,3125.25,3571.71,5119912,5242880
913,1732572937360,1,READ,57,3596.29,33.44,798.17,1000.45,1855.49,2105.34,3596.29,5119848,5242880
914,1732572937360,2,READ,688,562.69,0.08,196.11,71.94,488.45,509.69,524.29,15082440,15153623
915,1732572937360,3,READ,690,1026.05,0.59,187.22,60.29,482.56,514.3,520.19,16189384,16303657
